Neighborhood,Gr Liv Area,Overall Qual,Year Built,Year Remod/Add,Bedroom AbvGr,Full Bath,Half Bath,Recently Remodeled,Near Nuisance,SalePrice
NAmes,1656,6,1960,1960,3,1,0,0,0,215000
NAmes,896,5,1961,1961,2,1,0,0,1,105000
NAmes,1329,6,1958,1958,3,1,1,0,0,172000
NAmes,2110,7,1968,1968,3,2,1,0,0,244000
Gilbert,1629,5,1997,1998,3,2,1,1,0,189900
Gilbert,1604,6,1998,1998,3,2,1,1,0,195500
StoneBr,1338,8,2001,2001,2,2,0,1,0,213500
StoneBr,1280,8,1992,1992,2,2,0,0,0,191500
StoneBr,1616,8,1995,1996,2,2,0,1,0,236500
Gilbert,1804,7,1999,1999,3,2,1,1,0,189000
Gilbert,1655,6,1993,1994,3,2,1,0,0,175900
Gilbert,1187,6,1992,2007,3,2,0,1,0,185000
Gilbert,1465,6,1998,1998,3,2,1,1,0,180400
Gilbert,1341,7,1990,1990,2,1,1,0,0,171500
StoneBr,1502,8,1985,1985,1,1,1,0,0,212000
StoneBr,3279,8,2003,2003,4,3,1,1,0,538000
Gilbert,1752,8,1988,2005,4,2,0,1,0,164000
Gilbert,864,4,1951,1951,2,1,0,0,0,141000
NWAmes,2073,6,1978,1988,3,2,0,0,0,210000
NWAmes,1844,6,1977,1977,3,2,0,0,0,190000
Somerst,1674,7,2000,2000,3,2,1,1,0,216000
NAmes,1004,6,1970,1970,2,1,0,0,0,149000
NAmes,1078,5,1971,2008,3,1,1,1,0,149900
NAmes,1056,5,1968,1968,3,1,0,0,0,142000
NAmes,882,4,1970,1970,2,1,0,0,0,126000
NAmes,864,4,1971,1971,3,1,0,0,0,115000
NAmes,1337,7,1999,1999,2,2,0,1,0,184000
BrDale,987,6,1971,1971,2,1,1,0,0,96000
BrDale,1092,5,1971,1971,3,1,1,0,0,105500
NPkVill,1069,6,1977,1977,2,2,0,0,0,127500
NPkVill,1456,6,1975,1975,3,2,1,0,0,149900
NPkVill,836,7,1975,1975,2,1,0,0,0,120000
NPkVill,1456,6,1978,1978,3,2,1,0,0,146000
NridgHt,1704,8,2007,2008,3,2,0,1,0,306000
NridgHt,1698,9,2005,2005,3,2,0,1,0,275000
NridgHt,1822,8,2005,2006,3,2,0,1,0,259000
NridgHt,1535,7,2004,2004,3,2,0,1,0,214000
NridgHt,2696,9,2003,2004,3,2,1,1,0,500000
NridgHt,2250,8,2002,2002,3,2,1,1,0,320000
NridgHt,1752,9,2005,2005,2,2,0,1,0,319900
NridgHt,1370,8,2006,2006,2,2,0,1,0,205000
NridgHt,1626,7,2003,2003,2,2,1,1,0,175500
Gilbert,1324,6,2005,2005,3,2,0,1,0,199500
Blmngtn,1145,7,2006,2006,2,2,0,1,0,160000
Blmngtn,1269,8,2004,2005,2,2,0,1,0,192000
Gilbert,1374,7,2004,2004,3,2,1,1,0,184500
Gilbert,1960,6,2002,2002,4,2,1,1,0,216500
Gilbert,1733,7,2004,2004,3,2,1,1,0,185088
Gilbert,1430,7,2000,2000,3,2,1,1,0,180000
Gilbert,2035,7,2001,2001,3,2,1,1,0,222500
NoRidge,2599,9,1999,1999,4,2,1,1,0,333168
NoRidge,2475,8,1998,1998,4,2,1,1,0,355000
NoRidge,1720,7,1996,1996,3,2,0,1,0,260400
NoRidge,2622,8,1994,1995,3,2,1,1,0,325000
NoRidge,2270,8,1999,2007,4,2,1,1,0,290000
NoRidge,1839,7,1998,1998,4,2,1,1,0,221000
NoRidge,3238,8,1995,1996,4,2,1,1,0,410000
Somerst,1595,8,2005,2006,2,2,0,1,0,221500
Somerst,1547,7,2009,2009,3,2,1,1,0,215200
Somerst,1566,8,2008,2008,3,2,0,1,0,262500
Somerst,1947,7,2004,2005,3,2,1,1,0,254900
Somerst,1468,6,2005,2005,2,2,0,1,0,271500
SawyerW,2084,7,2004,2004,4,2,1,1,0,233000
SawyerW,1659,7,2004,2004,3,2,1,1,0,181000
SawyerW,2110,7,1994,2002,3,2,1,1,0,205000
SawyerW,923,6,1980,1980,2,2,0,0,0,143000
SawyerW,1845,6,1992,1992,3,2,1,0,0,189000
SawyerW,918,6,1979,1979,2,2,0,0,0,99500
SawyerW,752,6,1984,1984,2,1,0,0,0,125000
SawyerW,1744,7,1993,2003,3,2,1,1,1,194500
SawyerW,1097,6,1984,1985,3,2,0,0,0,152000
SawyerW,1564,6,1980,1981,3,2,1,0,0,171000
SawyerW,1012,5,1920,1950,2,1,0,0,1,67500
Sawyer,1902,6,1978,1978,4,2,0,0,1,112000
Sawyer,1155,5,1961,1995,3,1,0,1,0,148000
Sawyer,894,5,1965,2009,3,1,0,1,1,138500
Sawyer,900,5,1967,1967,3,1,0,0,0,122000
Sawyer,1040,5,1963,1963,3,1,1,0,1,133000
Sawyer,1040,5,1962,2010,3,1,1,1,0,127000
NoRidge,1923,7,1992,1992,3,2,1,0,0,190000
NoRidge,2349,8,1993,1993,4,2,1,0,0,362500
NoRidge,2225,8,1992,1993,4,2,1,0,0,285000
Somerst,1488,7,2004,2005,2,2,0,1,0,260000
Somerst,1680,7,2004,2004,2,2,1,1,0,190000
Somerst,1200,7,2004,2004,2,2,1,1,0,155000
Somerst,1200,7,2004,2005,2,2,1,1,0,151000
Somerst,1200,7,2004,2005,2,2,1,1,0,149500
Somerst,1236,6,2005,2005,2,2,1,1,0,152000
Somerst,1573,6,2000,2000,3,2,1,1,0,177500
Somerst,1512,6,2000,2000,2,2,1,1,0,177000
Somerst,1416,7,1999,1999,3,2,1,1,0,155000
Somerst,1080,7,2003,2003,2,2,1,1,0,147110
Somerst,1848,8,2000,2000,3,2,1,1,0,254000
Greens,788,8,1980,1980,1,1,0,0,0,155000
Greens,1226,8,1978,1978,1,1,0,0,0,206000
Sawyer,1479,6,1976,2005,3,2,1,1,1,130500
Somerst,1492,7,2002,2002,3,2,0,1,0,230000
NWAmes,1829,6,1967,1967,4,2,0,0,0,218500
NWAmes,2495,6,1993,1993,4,2,1,0,0,243500
NWAmes,1610,6,1977,2001,3,2,0,1,0,205000
NWAmes,1891,6,1978,1978,3,3,0,0,0,212500
NWAmes,1714,7,1988,1988,3,2,1,0,0,196500
NWAmes,1381,6,1972,2006,3,1,1,1,0,197500
NWAmes,1645,6,1971,1971,4,1,2,0,0,171000
NAmes,1232,5,1966,1966,3,1,1,0,0,142250
NWAmes,1328,6,1963,1963,3,1,1,0,1,143000
NAmes,1225,4,1959,1959,3,1,1,0,0,128950
NAmes,1209,5,1966,1966,3,1,0,0,0,159000
NAmes,1510,5,1967,1967,3,2,0,0,0,178900
NAmes,1152,5,1964,1964,3,1,0,0,0,180500
NAmes,1078,5,1950,1996,2,1,0,1,0,142125
NAmes,2461,5,1952,2002,3,2,0,1,0,197600
NAmes,1556,6,1949,1950,3,2,0,0,1,172500
BrkSide,858,5,1958,2008,2,1,0,1,0,116500
BrkSide,1306,3,1940,1966,3,1,0,0,0,76500
NAmes,1063,5,1954,1954,3,1,0,0,0,128000
NAmes,1520,6,1955,1972,3,1,0,0,0,153000
NAmes,1268,5,1954,1954,2,1,0,0,0,132000
NAmes,1128,6,1966,2008,2,1,0,1,0,178000
NAmes,2274,5,1960,1960,5,2,0,0,1,154300
NAmes,2207,7,1970,1989,3,2,0,0,0,180000
NAmes,1888,6,1966,2002,2,2,1,1,0,190000
NAmes,1604,5,1958,1958,4,2,0,0,1,135000
NAmes,1480,7,2003,2009,3,2,0,1,0,214000
NAmes,1143,5,1959,1959,3,1,0,0,0,136000
NAmes,1700,5,1959,1959,4,1,1,0,0,165500
NAmes,1314,5,1957,1957,3,1,0,0,0,145000
NAmes,1194,6,1959,1959,3,1,0,0,0,148000
NAmes,1264,5,1960,1960,3,1,0,0,1,167500
NAmes,1206,5,1959,1959,3,1,0,0,0,108538
NAmes,1580,6,1959,1959,3,1,1,0,0,159500
NAmes,1337,4,1956,1956,3,1,0,0,0,108000
NAmes,1064,5,1952,1952,2,1,0,0,0,135000
NAmes,972,5,1955,1955,3,1,0,0,0,122500
NAmes,985,4,1920,1994,2,1,0,0,0,105000
NAmes,827,5,1955,2007,2,1,0,1,0,107500
NAmes,1086,5,1954,2003,3,1,0,1,0,144900
NAmes,936,5,1956,2000,2,1,0,1,0,129000
OldTown,1056,6,1980,1980,0,0,0,0,0,144000
NAmes,1287,5,1959,2006,3,1,0,1,0,162000
NAmes,2978,7,1967,2007,5,2,1,1,0,242000
NAmes,1224,6,1948,2004,3,1,0,1,1,132000
NAmes,1246,5,1959,1994,3,1,1,0,0,154000
NAmes,1385,5,1952,1952,4,2,0,0,1,166000
NAmes,900,5,1951,2000,3,1,0,1,0,134800
NAmes,1116,6,1962,1962,3,1,1,0,0,160000
NAmes,1175,5,1960,1960,3,1,1,0,0,148000
NAmes,1395,6,1963,1984,2,1,0,0,0,192000
NAmes,1839,6,1966,1966,4,1,1,0,0,155000
OldTown,1140,4,1910,2004,3,1,0,1,0,96500
OldTown,936,5,1920,1950,2,1,0,0,1,109500
OldTown,1028,5,1927,1950,2,1,0,0,1,115000
OldTown,1347,5,1957,1957,3,1,0,0,0,143000
OldTown,1605,3,1915,1950,3,2,0,0,0,107400
OldTown,747,4,1945,1950,2,1,0,0,1,80000
OldTown,1316,5,1929,2001,3,1,0,1,0,130000
OldTown,1251,6,1938,2000,3,1,0,1,0,119000
OldTown,1633,5,1948,2009,3,1,0,1,1,129000
OldTown,1245,5,1920,1962,3,1,0,0,1,100000
OldTown,720,6,1928,2003,2,1,0,1,0,105900
OldTown,1652,5,1915,1950,4,2,0,0,1,139000
OldTown,2268,8,1890,2002,3,3,0,1,0,240000
OldTown,1236,6,1957,1996,2,1,0,1,1,149700
OldTown,1363,4,1910,1950,3,1,0,0,0,125500
OldTown,2290,4,1885,1950,4,2,0,0,0,122500
OldTown,1470,6,1922,1994,2,1,1,0,0,140750
BrkSide,1612,5,1950,1997,3,1,1,1,1,128500
BrkSide,2068,7,1922,2005,3,1,1,1,0,209500
BrkSide,765,4,1925,1950,2,1,0,0,1,87000
BrkSide,1196,6,1940,1950,3,1,1,0,0,128000
BrkSide,1453,5,1942,1950,3,1,1,0,1,132000
BrkSide,1416,6,1948,1950,3,1,1,0,0,139900
BrkSide,1040,5,1936,1980,2,1,0,0,0,123900
BrkSide,1536,5,1930,1950,4,2,0,0,0,138400
OldTown,1068,6,1923,1950,2,1,0,0,1,109500
OldTown,1710,7,1921,1950,3,2,0,0,1,140000
OldTown,1962,4,1915,1950,4,1,1,0,0,149500
OldTown,1560,6,1912,2009,3,1,1,1,0,159900
OldTown,1324,6,1920,1993,3,1,0,0,0,122000
IDOTRR,816,5,1963,1963,2,1,0,0,1,110000
IDOTRR,1092,4,1930,1950,3,2,0,0,0,55000
OldTown,1812,5,1900,1996,4,2,0,1,1,140000
ClearCr,2403,7,1940,1950,4,2,0,0,0,244400
ClearCr,1675,5,1959,1959,3,2,0,0,1,173000
ClearCr,1224,5,1917,1950,3,1,1,0,0,107500
SWISU,1392,5,1915,1950,3,1,0,0,0,100000
SWISU,919,6,1940,1950,3,1,0,0,0,95000
SWISU,1680,5,1910,1950,2,2,0,0,1,114900
Sawyer,1020,5,1875,1996,2,1,0,1,1,94000
Sawyer,1832,4,1967,1967,4,2,0,0,0,136000
Sawyer,1768,4,1968,1968,4,2,0,0,0,136500
Sawyer,1039,5,1965,1965,3,1,1,0,0,131500
Sawyer,1392,5,1957,1996,3,1,1,1,0,121500
Sawyer,912,5,1967,1967,3,1,0,0,1,125000
Sawyer,1060,5,1968,2001,3,1,0,1,0,154000
Sawyer,892,5,1966,2008,3,1,0,1,0,137900
Sawyer,1352,6,1969,1969,4,1,1,0,0,158000
Sawyer,864,5,1968,1968,2,1,0,0,0,137250
Sawyer,1373,5,1978,1978,3,1,0,0,0,160250
Sawyer,1440,5,1968,1968,4,1,1,0,0,163000
ClearCr,2260,7,1996,1997,3,2,1,1,0,328000
ClearCr,1483,7,1977,2001,1,1,1,1,0,270000
Sawyer,756,4,1927,1950,2,1,0,0,1,85000
Sawyer,1067,4,1950,1995,2,2,0,1,0,128000
ClearCr,1524,7,1979,1979,0,0,1,0,0,260000
ClearCr,1981,6,1978,1992,4,2,1,0,0,230000
Edwards,1610,3,1938,1990,4,2,0,0,0,124000
Edwards,1074,6,1950,1987,3,1,0,0,0,144500
Edwards,1144,5,1956,1956,3,1,0,0,0,129000
Edwards,1531,4,1947,1979,3,1,0,0,0,127000
Edwards,1172,5,1954,1998,3,1,0,1,0,128000
Edwards,1212,6,2009,2009,3,2,0,1,0,186000
Edwards,1298,5,1964,1964,3,2,0,0,0,114000
SawyerW,1732,6,1985,1985,3,2,1,0,0,178000
SawyerW,1433,7,1987,1987,1,1,1,0,0,270000
SawyerW,1802,6,1993,1993,3,2,1,0,0,218000
SawyerW,1949,7,1993,1994,3,2,1,0,0,236000
SawyerW,996,6,1992,1992,2,1,0,0,0,147000
CollgCr,1694,8,2008,2008,3,2,0,1,0,245350
CollgCr,1208,7,2006,2006,2,2,0,1,0,206000
CollgCr,1226,7,2009,2009,3,2,0,1,0,198900
CollgCr,1222,7,2010,2010,2,2,0,1,0,187000
SawyerW,3222,7,1990,1990,5,3,0,0,0,320000
SawyerW,1445,6,1900,1993,3,2,0,0,0,138500
ClearCr,1052,6,1971,1971,3,1,0,0,0,155000
CollgCr,965,5,1996,1996,2,1,0,1,0,159000
CollgCr,1692,7,1997,1998,3,2,1,1,0,191000
CollgCr,1682,6,1998,1998,3,2,1,1,0,200500
CollgCr,1026,5,1977,2004,3,1,1,1,0,150000
CollgCr,1392,6,1977,1977,3,1,1,0,0,161750
CollgCr,894,5,1976,1976,3,1,0,0,0,128200
CollgCr,876,5,1972,1972,3,1,0,0,0,127000
CollgCr,1978,8,2003,2003,3,2,1,1,0,318000
CollgCr,1601,8,2001,2002,3,2,0,1,0,272000
CollgCr,1829,7,2003,2003,3,2,1,1,0,237000
CollgCr,2098,7,1997,1997,4,2,1,1,0,240000
CollgCr,1661,7,1998,1998,3,2,0,1,0,224900
CollgCr,848,6,2003,2003,1,1,0,1,0,143750
CollgCr,848,6,2004,2004,1,1,0,1,0,143000
CollgCr,1668,8,2003,2003,3,2,0,1,0,232000
CollgCr,1484,7,2004,2005,3,2,0,1,0,213000
CollgCr,1414,7,2004,2004,3,2,0,1,0,185500
Edwards,640,3,1945,2007,2,1,0,1,1,84900
Edwards,1664,5,1965,1965,4,2,0,0,0,100000
Edwards,1196,5,1968,1968,3,1,0,0,0,144000
Edwards,1096,6,1975,1975,3,1,0,0,0,125200
Edwards,960,4,1958,1958,3,1,0,0,0,90000
Edwards,1121,4,2003,2004,2,2,0,1,0,140000
Edwards,1487,6,1945,1950,3,1,1,0,0,113000
Edwards,924,4,1941,1950,2,1,0,0,0,80000
Edwards,1526,5,1957,2002,4,1,0,1,0,144500
SWISU,1296,5,1924,1999,2,2,0,1,1,104000
SWISU,1647,6,1915,1950,4,1,1,0,0,128000
Edwards,864,3,1914,1950,2,1,0,0,0,58500
SWISU,1691,5,1924,1950,3,2,0,0,0,127000
SWISU,856,6,1939,1950,2,1,0,0,0,126000
SWISU,2650,4,1967,1967,6,3,0,0,0,160000
SWISU,1666,5,1931,1950,3,1,0,0,1,100000
SWISU,2447,6,1919,1990,4,2,0,0,1,169000
Crawfor,2133,7,1941,1985,4,1,1,0,0,257500
Crawfor,2177,5,1950,1991,5,2,1,0,0,215000
Crawfor,2340,7,1941,2006,4,2,0,1,0,266500
Crawfor,1902,7,1959,2002,3,2,0,1,0,335000
Crawfor,1652,7,1994,2007,3,2,1,1,0,203135
Blueste,1034,8,1989,1989,1,1,0,0,0,185000
Blueste,1191,8,1989,1989,2,2,0,0,0,162500
Crawfor,1801,7,1959,1997,1,2,0,1,0,289000
IDOTRR,1154,4,1922,2007,3,1,0,1,0,125500
IDOTRR,540,2,1941,1950,1,1,0,0,0,82000
IDOTRR,1107,6,1921,1975,2,1,0,0,0,110000
Crawfor,1646,8,2004,2005,2,2,0,1,1,246000
Mitchel,1916,8,1998,1999,3,2,1,1,0,254900
Mitchel,1285,6,1977,1977,3,2,0,0,0,190000
Mitchel,1560,7,2003,2003,3,2,0,1,0,201000
Mitchel,1034,6,1976,1976,3,1,0,0,0,169900
Mitchel,2048,6,1976,1976,5,3,0,0,0,170000
Timber,1687,5,1948,1950,3,1,0,0,0,160000
Timber,1346,7,2008,2008,3,2,0,1,0,220000
Timber,1444,5,2006,2007,3,2,1,1,0,174000
Timber,1894,7,2002,2003,4,2,1,1,0,214900
Timber,1908,8,2002,2002,4,2,1,1,0,202900
Timber,2018,9,2008,2009,3,2,0,1,0,378500
Mitchel,1264,5,1965,1977,2,1,0,0,0,169000
Mitchel,1430,5,2004,2005,3,2,0,1,0,173500
Mitchel,1824,6,1971,1971,4,2,2,0,0,139000
Mitchel,1344,5,1999,1999,3,2,0,1,0,166500
MeadowV,1092,4,1973,1973,3,1,1,0,0,83500
MeadowV,945,5,1973,1973,2,1,0,0,0,119500
MeadowV,1112,5,1976,1976,3,1,1,0,0,85000
MeadowV,1092,4,1970,1970,3,1,1,0,0,76000
MeadowV,630,4,1972,1972,1,1,0,0,0,75500
MeadowV,1092,4,1970,1970,3,1,1,0,0,88250
MeadowV,1092,4,1972,1972,3,1,1,0,0,85500
Mitchel,874,5,1971,2004,3,1,0,1,0,130000
Mitchel,1188,5,1962,1962,3,1,0,0,0,157900
Mitchel,833,5,1984,1984,2,1,0,0,0,149900
Mitchel,2432,5,1985,1986,4,4,2,0,0,159000
Mitchel,1274,5,1991,1991,3,1,1,0,0,136000
Mitchel,1479,5,1969,1969,5,2,0,0,0,161000
Mitchel,1803,8,1994,1995,3,2,1,1,0,285000
Mitchel,1797,6,1993,1994,3,2,1,0,0,231000
NAmes,882,6,1956,1956,2,1,0,0,0,124500
NAmes,1434,6,1974,1974,4,2,0,0,0,157000
NAmes,2704,8,1972,1995,4,2,1,1,0,345000
Gilbert,1608,6,1997,1997,3,2,1,1,0,189500
Gilbert,2283,8,2003,2003,4,2,1,1,0,270000
Gilbert,1628,7,1996,1997,3,2,1,1,0,189000
Gilbert,1746,9,2006,2007,3,2,0,1,0,377500
Gilbert,1474,7,1995,1996,3,2,1,1,0,168500
StoneBr,2522,8,2004,2005,1,2,0,1,0,375000
StoneBr,1659,8,2000,2000,2,2,0,1,0,278000
StoneBr,1478,8,1998,1998,2,2,0,1,0,240000
StoneBr,1734,8,1995,1996,2,2,0,1,0,239500
Gilbert,1382,7,1998,1998,3,2,1,1,0,177500
Gilbert,1718,7,1998,1998,3,2,1,1,0,185000
Gilbert,1636,6,1998,1999,3,2,1,1,0,191000
Gilbert,1571,6,1993,1994,3,2,1,0,0,178000
Gilbert,1470,6,1993,1993,3,2,1,0,0,185000
Gilbert,1516,6,1994,1995,3,2,1,1,0,181316
Gilbert,1190,6,1993,1993,3,2,0,0,0,166000
Gilbert,1593,6,1992,1993,3,2,1,0,0,178000
Gilbert,1481,6,1994,1995,3,2,1,1,0,174000
Gilbert,1167,6,1992,1992,3,2,0,0,0,173000
Gilbert,1983,7,1999,1999,3,2,1,1,0,225000
Gilbert,1442,7,1990,1990,3,2,0,0,0,180500
StoneBr,1530,7,2005,2005,3,2,0,1,0,260000
Gilbert,1934,5,1977,1977,3,2,1,0,0,185000
NWAmes,2353,7,1980,1980,4,2,1,0,0,260000
NWAmes,1586,6,1979,1998,3,2,0,1,0,181000
NWAmes,1602,6,1977,2000,3,2,0,1,0,215000
NWAmes,1671,6,1978,1986,3,2,0,0,0,200000
NWAmes,2673,7,1980,1991,4,2,1,0,0,249000
NWAmes,1472,7,1980,1980,3,2,0,0,0,187500
NWAmes,1707,6,1978,1998,3,2,0,1,0,184000
NWAmes,2524,8,1981,1981,4,2,1,0,0,278000
NWAmes,1868,5,1976,1976,4,2,1,0,0,197500
Somerst,1884,7,2003,2003,3,2,1,1,0,240900
Somerst,1874,8,2000,2001,3,2,1,1,1,220000
Somerst,1811,8,2002,2002,3,2,1,1,0,235000
NWAmes,1621,5,1975,1975,3,2,0,0,0,213000
NWAmes,1116,6,1974,1974,3,2,0,0,0,167900
NWAmes,1193,7,1975,1975,3,2,0,0,0,158000
NWAmes,1350,6,1974,1974,3,2,0,0,0,165000
NAmes,1792,5,1974,1974,4,2,2,0,0,136000
NAmes,1002,5,1970,1970,3,1,0,0,0,148500
NAmes,1026,6,1969,2005,3,1,0,1,0,156000
NAmes,1180,5,1970,1970,2,1,1,0,0,128000
NAmes,1050,5,1971,1971,3,1,1,0,0,143000
NAmes,864,4,1970,1970,3,1,0,0,0,120500
NAmes,864,4,1970,1970,3,1,0,0,0,124500
NAmes,864,4,1971,2006,3,1,0,1,0,130000
BrDale,987,6,1973,1973,2,1,1,0,0,111000
BrDale,1365,5,1970,1970,3,1,1,0,0,125000
BrDale,987,6,1972,1972,2,1,1,0,0,97000
BrDale,987,6,1972,2007,2,1,1,1,0,118000
BrDale,1302,5,1972,1972,3,2,1,0,0,119500
NPkVill,958,6,1976,1976,2,2,0,0,0,143750
NPkVill,1548,6,1976,1976,3,2,1,0,0,146000
NPkVill,1456,6,1976,1976,3,2,1,0,0,148500
NPkVill,1055,7,1975,1975,2,2,0,0,0,123000
NPkVill,1322,6,1974,1974,3,2,1,0,0,147000
NPkVill,1456,6,1977,1977,3,2,1,0,0,137900
NPkVill,1548,6,1978,1978,3,2,1,0,0,147000
NPkVill,1441,6,1978,1978,3,2,1,0,0,148500
NPkVill,1456,6,1978,1978,3,2,1,0,0,138000
NPkVill,836,7,1976,1976,2,1,0,0,0,128500
NAmes,892,5,1967,1967,3,1,0,0,0,100000
NAmes,1120,5,1966,2004,3,1,0,1,0,148800
NridgHt,1718,10,2006,2007,3,2,0,1,0,337500
NridgHt,2772,9,2007,2007,4,3,1,1,0,462000
NridgHt,2402,10,2008,2008,2,2,0,1,0,555000
NridgHt,1652,9,2006,2007,2,2,0,1,0,325000
NridgHt,1600,8,2007,2007,3,2,0,1,0,256300
NridgHt,2184,9,2008,2008,3,2,1,1,0,335000
NridgHt,2020,9,2008,2008,3,2,0,1,0,404000
NridgHt,2296,10,2008,2008,3,2,1,1,0,451950
NridgHt,2674,10,2007,2007,2,2,1,1,0,610000
NridgHt,1736,9,2008,2008,3,2,0,1,0,360000
NridgHt,1782,8,2004,2005,3,2,0,1,0,296000
NridgHt,1717,8,2006,2006,3,2,0,1,0,255500
NridgHt,1743,9,2008,2008,3,2,0,1,0,335000
NridgHt,1713,8,2004,2005,3,2,0,1,0,274900
NridgHt,1531,9,2006,2006,2,2,0,1,0,300000
NridgHt,1808,9,2008,2008,3,2,0,1,0,324000
NridgHt,2224,9,2004,2005,4,2,1,1,0,350000
NridgHt,1836,8,2004,2005,3,2,0,1,0,280000
NridgHt,1629,8,2003,2004,3,2,0,1,0,284000
NridgHt,1760,7,2003,2004,3,2,0,1,0,269500
NridgHt,2392,10,2003,2003,3,2,0,1,0,386250
NridgHt,2452,9,2003,2003,3,2,0,1,0,445000
NridgHt,2400,8,2003,2004,4,3,1,1,0,290000
NridgHt,1606,8,2006,2006,3,2,0,1,0,255900
NridgHt,1358,6,2005,2005,2,2,0,1,0,213000
NridgHt,1306,6,2005,2005,1,2,0,1,0,196000
NridgHt,1306,6,2005,2005,1,2,0,1,0,184500
NridgHt,1358,7,2007,2008,2,2,0,1,0,212500
NridgHt,1314,7,2007,2008,2,2,0,1,0,230000
NridgHt,2200,8,2003,2004,3,2,1,1,0,382500
NridgHt,1456,9,2008,2008,2,2,0,1,0,248500
NridgHt,1712,8,2002,2003,3,2,0,1,0,286500
NridgHt,1324,8,2006,2006,2,2,0,1,0,254000
NridgHt,1405,7,2003,2003,2,2,0,1,0,173000
NridgHt,1626,7,2003,2004,2,2,0,1,0,173000
Gilbert,1456,7,2005,2005,3,2,1,1,1,184000
Gilbert,1490,6,2005,2006,3,2,1,1,0,167800
Gilbert,1484,6,2005,2005,3,2,1,1,0,174000
Gilbert,1560,6,2005,2005,3,2,1,1,0,174000
Blmngtn,1555,7,2007,2007,2,2,0,1,0,174000
Blmngtn,1569,7,2007,2007,1,2,0,1,0,175900
Blmngtn,1555,7,2005,2006,2,2,0,1,0,192500
Blmngtn,1504,7,2005,2006,1,2,0,1,0,181000
Blmngtn,1220,7,2005,2006,2,2,0,1,0,180000
Blmngtn,1145,7,2005,2006,2,2,0,1,0,160200
Gilbert,1432,7,2004,2005,3,2,1,1,0,188500
Gilbert,2267,6,2002,2002,4,2,1,1,0,200000
Gilbert,1374,7,2004,2005,3,2,1,1,0,170000
Gilbert,1630,7,2004,2005,3,2,1,1,0,189500
Gilbert,1419,8,2002,2002,3,2,1,1,0,184100
Gilbert,1594,7,2004,2004,3,2,1,1,0,195500
Gilbert,1489,7,2003,2003,3,2,1,1,0,192000
Gilbert,1342,7,2003,2003,3,2,1,1,0,178000
NridgHt,1314,7,2007,2008,2,2,0,1,0,207500
Gilbert,2256,7,2000,2000,4,2,1,1,0,236000
Gilbert,2004,8,2002,2002,4,2,1,1,0,257500
Gilbert,2054,6,2000,2000,3,2,1,1,0,244000
Gilbert,1374,7,2004,2004,3,2,1,1,1,167000
Gilbert,1800,6,2000,2000,3,2,1,1,1,179000
Gilbert,1514,6,2000,2000,3,2,1,1,0,190000
Gilbert,1430,7,1999,2000,3,2,1,1,0,156000
Gilbert,2312,7,1999,1999,4,2,1,1,1,245000
Gilbert,1675,6,1999,1999,3,2,1,1,1,181000
Gilbert,2060,7,1999,1999,3,2,1,1,1,214000
Gilbert,1430,7,1999,1999,3,2,1,1,0,168000
NoRidge,2365,8,1999,1999,3,2,1,1,0,337000
NoRidge,2794,8,1995,1996,4,2,1,1,0,403000
NoRidge,2687,8,2000,2000,4,2,1,1,0,327000
NoRidge,2450,8,1998,1998,3,2,1,1,0,340000
NoRidge,2612,8,1998,1999,4,2,1,1,0,336000
NoRidge,2344,7,1996,1997,3,2,1,1,0,265000
NoRidge,2063,8,1994,1995,3,2,0,1,0,315000
NoRidge,2646,7,1993,1993,4,2,1,0,0,260000
NoRidge,2061,7,1995,1996,3,2,1,1,0,260000
NoRidge,2232,8,1993,1994,3,2,1,0,0,263550
NoRidge,2448,8,1994,2005,4,2,1,1,0,402000
NoRidge,1850,7,1994,1994,3,2,1,0,0,248000
Somerst,1696,8,2008,2008,3,2,0,1,0,275000
Somerst,1658,8,2008,2008,3,2,1,1,0,257500
Somerst,1702,8,2007,2007,3,2,0,1,0,275500
Somerst,1432,8,2006,2006,3,2,0,1,0,245000
Somerst,1971,7,2005,2005,3,2,1,1,0,253000
Somerst,2490,9,2005,2006,2,2,0,1,0,468000
Somerst,1590,8,2008,2008,3,2,1,1,0,210000
Somerst,1402,7,2008,2008,3,2,0,1,0,229800
Somerst,1530,9,2007,2008,3,2,0,1,0,250000
Somerst,1448,8,2006,2007,2,2,0,1,0,238500
Somerst,2007,10,2008,2008,3,2,1,1,0,310000
Somerst,1795,8,2006,2006,3,2,1,1,0,270000
Somerst,1953,8,2005,2006,3,2,1,1,0,252000
Somerst,1550,7,2006,2007,2,2,0,1,0,241000
Somerst,1662,7,2006,2007,3,2,0,1,0,291000
Somerst,2094,7,2003,2004,4,2,1,1,0,263000
Somerst,1221,7,2004,2005,2,2,0,1,0,185000
Somerst,1553,7,2003,2004,3,2,0,1,0,234500
Somerst,1653,7,2003,2003,3,2,1,1,0,209000
SawyerW,1218,7,2007,2007,3,1,1,1,0,159000
SawyerW,1141,7,2006,2006,3,1,1,1,0,152000
SawyerW,1158,6,2004,2004,3,1,1,1,0,143500
SawyerW,1812,7,2004,2004,3,2,1,1,0,193000
SawyerW,1512,8,2004,2004,3,2,0,1,0,203000
SawyerW,1200,7,2003,2003,2,2,0,1,0,184900
SawyerW,1114,7,2004,2005,3,1,1,1,1,159000
SawyerW,1114,5,2004,2004,3,1,1,1,1,142000
SawyerW,1114,5,2003,2004,3,2,0,1,1,153000
SawyerW,2122,7,1996,1997,4,2,1,1,0,220000
SawyerW,1434,7,2001,2001,3,2,0,1,0,189000
SawyerW,1730,6,1992,1992,3,2,1,0,0,171500
SawyerW,1217,6,1980,1980,3,1,1,0,0,120000
SawyerW,1332,6,1990,1991,2,2,0,0,0,145000
SawyerW,1540,7,1994,1994,3,2,1,0,1,184000
SawyerW,1400,6,1986,1986,3,2,1,0,0,162000
SawyerW,1882,6,1981,1981,4,2,0,0,0,160000
SawyerW,841,4,1950,1950,2,1,0,0,1,82000
SawyerW,784,6,1928,1950,2,1,0,0,0,76000
Sawyer,980,5,1962,1962,3,1,0,0,0,110000
Sawyer,980,5,1977,1977,3,1,0,0,0,135000
Sawyer,864,5,1961,1961,3,1,0,0,1,141000
Sawyer,864,5,1961,1961,2,1,0,0,0,122000
Sawyer,912,5,1963,1995,3,1,0,1,1,129000
Sawyer,1144,5,1961,1983,3,1,0,0,1,131400
Sawyer,864,5,1965,1965,3,1,0,0,0,62383
Sawyer,912,5,1962,1962,3,1,0,0,1,123000
Veenker,2014,8,1980,1980,2,2,0,0,0,275000
NoRidge,1755,7,1991,2008,3,2,1,1,0,235000
Somerst,3005,7,2004,2005,3,2,1,1,0,280750
Somerst,1256,6,2008,2008,1,1,1,1,0,195000
Somerst,1471,6,1999,1999,3,2,1,1,0,172500
Somerst,1512,6,2000,2000,2,2,1,1,0,180000
Somerst,1452,7,1999,1999,3,2,1,1,0,156000
Veenker,1694,8,1977,2008,2,2,0,1,0,318750
Greens,1226,8,1981,1981,1,1,0,0,0,211500
Veenker,1740,7,1981,1981,2,1,1,0,0,241600
Sawyer,1620,4,1976,1993,3,2,0,0,1,150000
NWAmes,1556,6,1968,1968,4,1,1,0,1,154000
NWAmes,1442,6,1970,1970,2,2,0,0,0,185000
NWAmes,1489,6,1968,1968,3,2,0,0,0,185750
NWAmes,2090,7,1973,1973,3,2,1,0,0,200000
NWAmes,2067,7,1974,1974,3,2,1,0,0,206000
NWAmes,1395,6,1972,1972,3,1,1,0,0,162000
NWAmes,2640,6,1967,1997,5,2,1,1,0,256900
NWAmes,1724,6,1967,1976,3,1,1,0,0,197900
NWAmes,1336,5,1969,1969,3,2,0,0,1,163000
NWAmes,2288,7,1977,1992,4,1,2,0,0,230000
NWAmes,1334,6,1977,1977,2,2,0,0,0,167900
NWAmes,1680,7,1998,1999,3,2,0,1,1,213250
NWAmes,1665,8,2001,2001,3,2,1,1,0,227000
NAmes,864,5,1967,1967,2,1,0,0,0,130000
NAmes,1568,5,1967,1967,3,1,1,0,0,143000
NAmes,925,5,1965,1965,2,1,0,0,0,117500
NWAmes,1320,6,1971,1971,3,2,0,0,0,172500
NWAmes,1342,6,1967,1967,3,2,0,0,1,161500
NAmes,894,4,1960,1960,2,1,0,0,0,141500
NAmes,864,5,1959,1959,3,1,0,0,0,118000
NAmes,864,6,1959,1959,2,1,0,0,0,127500
NAmes,1362,4,1957,1957,3,1,0,0,0,140000
NAmes,1728,5,1956,1956,3,2,0,0,0,177625
NAmes,1516,6,1964,1964,3,1,1,0,0,167000
NAmes,1313,5,1961,1995,3,1,1,1,0,153000
NAmes,1154,5,1966,1966,3,1,1,0,0,154000
NAmes,2140,5,1965,1965,4,2,1,0,0,177500
NAmes,1445,6,1964,1964,3,1,1,0,0,158000
NAmes,1041,5,1959,1959,3,1,0,0,0,124500
NAmes,1576,6,1961,1961,4,1,0,0,0,174500
NAmes,960,5,1955,1955,2,1,0,0,0,122000
BrkSide,708,4,1940,1950,2,1,0,0,0,82500
BrkSide,1203,5,1950,1950,3,1,0,0,0,110000
NAmes,1505,6,1953,1953,2,1,0,0,1,149500
NAmes,1691,6,1967,1967,2,1,0,0,1,175000
NAmes,1644,6,1953,1953,3,1,0,0,0,167000
NAmes,1050,5,1956,1956,2,1,0,0,0,128900
NAmes,1668,6,1950,2005,3,1,1,1,0,140000
NAmes,1113,5,1950,2007,3,1,0,1,0,147000
NAmes,1584,5,1967,1967,4,2,0,0,0,124000
NAmes,1453,6,1961,1961,3,2,0,0,0,187500
NAmes,1394,6,1963,1963,3,1,1,0,0,159000
NAmes,1567,6,1966,2008,2,2,0,1,0,256000
NAmes,1986,7,1965,1990,3,2,1,0,0,205000
NAmes,2142,6,1968,1968,4,2,1,0,0,193500
NAmes,1392,6,1968,1968,2,1,0,0,0,110000
NAmes,1738,4,1920,2007,4,2,0,1,1,104900
NAmes,1144,5,1956,1956,3,1,0,0,0,150000
NAmes,1478,6,1957,1957,3,1,1,0,0,156500
NAmes,1329,7,1960,1960,3,1,1,0,0,176000
NAmes,988,6,1959,1998,3,2,0,1,0,149500
NAmes,1632,6,1958,1988,3,2,0,0,1,139000
NAmes,1215,6,1958,1998,3,1,0,1,1,155000
NAmes,1382,5,1955,1955,3,1,0,0,0,153000
NAmes,1382,6,1962,1962,3,1,0,0,1,176000
NAmes,1297,5,1954,1990,3,1,0,0,0,153000
NAmes,1866,5,1958,1958,4,2,0,0,0,135000
NAmes,1062,6,1954,1954,3,1,0,0,0,131000
NAmes,1319,5,1953,1953,3,1,0,0,0,123000
NAmes,1112,5,1951,1951,2,1,0,0,0,126000
NAmes,1005,4,1955,1955,2,1,0,0,0,115000
NAmes,1363,5,1951,2000,2,1,0,1,0,164900
NAmes,793,5,1945,1950,2,1,0,0,0,113000
NAmes,1031,5,1952,2005,2,1,0,1,0,145500
NAmes,1210,5,1953,1953,2,1,1,0,0,102900
NAmes,1527,7,1948,1999,3,1,1,1,1,152500
NAmes,1200,5,1950,1950,3,1,0,0,0,129900
NAmes,972,6,1948,2002,2,1,0,1,0,132000
OldTown,792,3,1958,1958,2,1,0,0,0,99900
OldTown,1656,5,1916,1987,3,2,1,0,0,135000
OldTown,1352,5,1939,2006,4,2,0,1,0,149000
OldTown,1039,4,1900,2003,2,1,0,1,0,114000
OldTown,792,5,1924,2006,2,1,0,1,0,109500
OldTown,1078,5,1925,1950,3,1,0,0,0,125000
OldTown,2377,4,1915,1950,3,2,0,0,0,142900
OldTown,1690,7,1910,2008,4,2,0,1,1,156500
OldTown,599,2,1940,1950,2,1,0,0,1,59000
OldTown,1374,4,1920,1950,2,1,0,0,1,105000
OldTown,846,5,1920,1950,2,1,0,0,0,106000
OldTown,725,3,1890,1998,1,1,1,1,0,78500
NAmes,2544,6,1969,1969,6,2,2,0,1,190000
NAmes,1380,6,1963,1963,3,1,1,0,0,154000
NAmes,1040,6,1967,1967,3,1,0,0,0,163000
NAmes,2634,5,1969,1969,6,2,2,0,1,200000
NAmes,951,6,1958,2007,2,1,0,1,0,143500
NAmes,1105,6,1957,1957,3,1,0,0,0,135000
NAmes,1306,5,1957,2000,2,1,0,1,0,153000
NAmes,1478,6,1960,1960,3,2,0,0,0,157500
NAmes,1142,6,1958,1958,2,1,0,0,0,113500
NAmes,1268,5,1949,1950,3,1,0,0,0,133000
NAmes,1040,3,1950,1950,2,2,0,0,0,92900
NAmes,1040,4,1949,1950,2,2,0,0,0,90000
NAmes,1904,5,1950,1982,3,1,1,0,0,138000
NAmes,1041,5,1958,1958,3,1,0,0,0,128000
NAmes,732,5,1952,1952,2,1,0,0,0,118900
NAmes,1183,5,1959,1959,3,1,0,0,0,138000
NAmes,1148,5,1959,1959,3,1,0,0,0,132500
NAmes,1461,4,1949,1996,4,2,0,1,1,133500
NAmes,1806,6,1964,1964,4,1,1,0,0,144750
NAmes,941,5,1978,1978,2,1,0,0,0,145000
NAmes,1045,6,1963,1963,3,1,0,0,0,127000
NAmes,894,5,1962,1962,2,1,0,0,0,109500
OldTown,1224,6,1926,2004,3,1,0,1,1,115000
OldTown,1230,5,1910,1981,2,1,1,0,0,110000
OldTown,1378,6,1935,1998,3,1,0,1,0,128900
OldTown,1944,6,1910,1950,4,2,0,0,0,103500
OldTown,1306,5,1910,2003,3,1,1,1,0,130000
OldTown,1464,5,1910,2002,3,2,0,1,0,129000
OldTown,1558,5,1939,1950,3,1,1,0,0,150000
OldTown,2372,5,1892,1965,4,2,0,0,0,107500
OldTown,1701,4,1920,1950,4,2,0,0,1,94550
OldTown,1960,5,1952,1952,4,2,0,0,1,124500
OldTown,1389,7,1946,1992,3,1,1,0,0,135000
OldTown,1447,5,1910,1950,3,1,0,0,0,103000
OldTown,936,4,1953,1953,2,1,0,0,0,93000
OldTown,1328,5,1950,1970,3,1,1,0,0,129500
OldTown,1387,5,1954,1954,3,2,0,0,0,93000
OldTown,861,4,1920,1950,2,1,0,0,0,80000
OldTown,612,2,1940,1950,1,1,0,0,0,45000
OldTown,886,5,1938,1996,2,1,0,1,1,91300
OldTown,792,5,1923,1950,2,1,0,0,0,99500
OldTown,1510,4,1910,1950,3,2,0,0,0,87500
OldTown,1284,5,1947,1950,2,1,1,0,0,110000
OldTown,2138,5,1898,1965,2,2,0,0,0,106000
OldTown,2640,7,1880,2003,4,1,1,1,0,265979
OldTown,2007,6,1900,1950,3,2,0,0,1,160000
OldTown,1288,6,1917,2007,3,1,0,1,0,119000
OldTown,1742,8,1882,1986,4,1,1,0,1,168000
OldTown,816,4,1910,1950,2,1,0,0,0,58500
OldTown,1482,7,1920,1988,3,1,0,0,1,143000
OldTown,1022,5,1910,2006,2,1,0,1,0,85000
OldTown,1869,5,1890,1996,2,1,0,1,0,124900
OldTown,1521,6,1910,2002,4,1,0,1,0,146500
BrkSide,1576,5,1923,2004,3,1,1,1,0,223500
BrkSide,1432,6,1923,1950,3,1,0,0,0,149000
BrkSide,1548,7,1925,2007,3,2,1,1,0,205000
BrkSide,1654,5,1930,1982,3,2,0,0,1,137000
BrkSide,952,6,1916,1950,2,1,0,0,0,121000
BrkSide,1324,4,1936,1950,3,1,0,0,0,128000
BrkSide,1176,6,1937,2000,2,1,0,1,0,134900
BrkSide,1348,5,1925,1997,3,1,0,1,0,117000
BrkSide,1412,6,1939,1950,4,1,0,0,0,132500
BrkSide,1142,5,1924,1950,3,1,0,0,0,93000
BrkSide,904,6,1926,2004,2,1,0,1,0,119000
BrkSide,1301,5,1924,1950,2,1,0,0,1,100000
BrkSide,1539,5,1936,1950,3,1,1,0,0,141500
BrkSide,1573,4,1935,1995,3,1,0,1,0,133000
BrkSide,800,2,1936,1950,1,1,0,0,0,60000
BrkSide,875,5,1931,1993,2,1,0,0,0,105000
BrkSide,1582,5,1938,1950,3,2,0,0,0,150000
BrkSide,1072,5,1925,1950,2,1,0,0,0,126500
BrkSide,2134,6,1916,1994,5,2,0,0,0,214500
BrkSide,2019,7,1910,1993,3,1,0,0,1,167500
OldTown,1768,6,1915,1950,3,2,0,0,0,155000
OldTown,1826,7,1915,2005,4,1,1,1,0,155000
OldTown,1944,7,1915,1994,3,2,0,0,0,179900
IDOTRR,1930,6,1927,1950,4,2,0,0,0,149000
IDOTRR,1208,4,1925,1950,2,1,0,0,0,103000
OldTown,1427,6,1915,2002,3,1,0,1,1,123000
OldTown,1864,7,1902,2000,6,2,1,1,1,97500
IDOTRR,1666,6,1927,1950,3,1,0,0,0,135000
IDOTRR,1403,6,1915,1965,3,1,1,0,1,116000
Sawyer,704,4,1946,2001,2,1,0,1,0,88750
Edwards,1152,5,1978,1978,2,2,0,0,0,159900
Edwards,904,1,1922,1950,1,0,1,0,0,61000
Edwards,1369,6,1925,1950,3,2,0,0,1,103600
Edwards,1112,5,1934,1950,4,2,0,0,0,63000
Sawyer,1464,5,1963,1999,3,2,0,1,0,175000
Sawyer,1121,5,1963,1963,3,1,0,0,1,139000
Sawyer,1683,6,1978,1978,3,2,1,0,0,172500
Sawyer,899,5,1967,2004,3,1,0,1,0,130000
Sawyer,1034,6,1978,1978,3,1,0,0,0,149900
Sawyer,858,5,1982,1982,2,1,0,0,0,134900
Sawyer,860,5,1982,1982,2,1,0,0,0,137000
Sawyer,1092,5,1962,1962,3,1,0,0,0,139000
Sawyer,1774,5,1961,1961,4,2,0,0,0,165000
Sawyer,1138,6,1960,1960,3,1,0,0,0,148000
ClearCr,2071,5,1956,1956,4,1,1,0,0,165000
Sawyer,660,2,1947,1950,2,1,0,0,0,63900
ClearCr,1788,4,1957,1989,5,1,0,0,0,161500
Edwards,1229,4,1956,1956,3,1,0,0,0,135000
Edwards,861,4,1940,1950,1,1,0,0,0,82500
ClearCr,1867,5,1955,1993,2,1,0,0,0,190000
Edwards,1733,3,1955,1955,4,2,0,0,0,139600
Edwards,1383,4,1954,1954,2,1,0,0,0,122000
Edwards,1689,6,1956,1956,3,1,0,0,0,127500
Edwards,1073,5,1956,1956,2,1,0,0,0,121500
Edwards,1639,6,1946,1950,3,1,1,0,0,154400
Edwards,672,4,1941,1950,2,1,0,0,0,113000
Edwards,1089,5,1954,1954,3,1,0,0,0,125000
Edwards,845,4,1957,1957,3,1,0,0,0,84000
Edwards,1049,5,1984,1984,2,2,0,0,0,139500
Edwards,1716,5,1949,2008,3,1,1,1,0,131000
Edwards,1258,6,1939,1950,2,1,0,0,0,105000
Edwards,1510,4,1940,1950,4,1,0,0,1,108000
SawyerW,1061,7,1990,1991,1,1,1,0,1,162000
SawyerW,1338,6,1983,1983,2,1,1,0,0,156500
SawyerW,2132,8,1983,2009,1,1,1,1,0,316600
SawyerW,2196,7,1990,1991,3,2,0,0,0,271900
SawyerW,1775,7,1993,1993,3,2,1,0,0,213000
SawyerW,1879,7,1993,1994,3,2,1,0,0,239900
SawyerW,2020,8,1995,1995,3,2,1,1,0,239500
SawyerW,2016,5,1880,2007,4,1,0,1,1,131000
SawyerW,2787,7,2000,2000,6,4,2,1,0,269500
SawyerW,2787,7,2000,2000,6,4,2,1,1,269500
SawyerW,2787,7,2000,2000,6,4,2,1,1,269500
CollgCr,1718,8,2007,2008,3,2,0,1,0,297000
CollgCr,1630,8,2008,2008,3,2,0,1,0,295493
CollgCr,1720,9,2008,2008,3,2,0,1,0,332000
CollgCr,1468,8,2008,2008,3,2,0,1,0,239900
CollgCr,1768,8,2007,2007,3,2,1,1,0,212000
CollgCr,1838,8,2007,2008,3,2,0,1,0,272500
CollgCr,1800,9,2007,2007,2,2,0,1,0,239000
CollgCr,1290,7,2007,2007,2,2,0,1,0,200000
CollgCr,1254,8,2008,2008,2,2,0,1,0,221800
CollgCr,1232,7,2007,2007,2,2,0,1,0,194500
CollgCr,1498,8,2005,2006,3,2,0,1,0,237000
CollgCr,1422,6,2005,2006,3,2,1,1,0,173000
SawyerW,1644,7,1989,1989,2,2,0,0,0,275000
ClearCr,1759,7,1992,1993,3,2,1,0,0,233500
CollgCr,1040,5,1996,1996,3,1,0,1,0,152000
CollgCr,990,5,1994,1994,3,1,0,0,0,143000
CollgCr,1764,6,1997,1997,3,2,1,1,0,231500
CollgCr,1661,7,1996,1996,3,2,1,1,0,212000
CollgCr,1463,7,1998,1998,3,2,0,1,0,207000
CollgCr,1097,5,1994,1995,3,1,1,1,0,145000
CollgCr,990,5,1994,1995,3,1,0,1,0,138000
CollgCr,1779,7,1998,1998,3,2,1,1,0,197900
CollgCr,1501,7,1999,1999,3,2,0,1,0,204000
CollgCr,1431,7,1999,1999,3,2,0,1,0,192000
CollgCr,1772,6,1998,1998,3,2,1,1,0,200000
CollgCr,1660,7,2002,2002,3,2,1,1,0,195000
CollgCr,1573,7,2002,2002,3,2,0,1,0,227000
CollgCr,1840,7,2001,2001,3,2,1,1,0,230000
CollgCr,1430,7,2001,2002,3,2,0,1,0,187100
CollgCr,1444,7,2002,2001,3,2,0,1,0,203000
CollgCr,1040,5,1978,1978,3,2,0,0,0,124000
CollgCr,907,5,1978,1978,3,1,0,0,0,140000
CollgCr,914,5,1979,1979,2,1,0,0,0,134900
CollgCr,1040,5,1977,2008,3,2,0,1,0,150500
CollgCr,864,5,1978,2005,3,1,0,1,0,136500
CollgCr,1268,5,1977,1989,3,1,1,0,0,143500
CollgCr,864,5,1972,1972,3,1,0,0,0,133500
CollgCr,894,5,1972,1972,2,1,0,0,0,123000
CollgCr,768,5,1972,2003,2,1,0,1,0,133900
CollgCr,768,5,1972,2007,2,1,0,1,0,133000
CollgCr,1611,7,2002,2002,3,2,0,1,0,250000
CollgCr,2184,8,2003,2003,4,2,1,1,0,254750
CollgCr,1788,8,2001,2001,3,2,0,1,0,236500
CollgCr,1872,8,2001,2001,3,2,1,1,0,261500
CollgCr,2153,9,2000,2000,3,2,1,1,0,313000
CollgCr,1725,7,2002,2002,3,2,1,1,0,198500
CollgCr,1870,7,2001,2001,3,2,1,1,0,211000
CollgCr,1513,8,1999,2000,2,2,0,1,1,220000
CollgCr,1504,7,1996,1996,3,2,0,1,0,203000
CollgCr,1828,8,2002,2003,3,2,0,1,0,279500
CollgCr,1417,7,1997,1998,3,2,0,1,0,210000
CollgCr,2034,7,1997,1998,3,2,1,1,0,219500
CollgCr,1716,7,1996,1996,2,2,1,1,0,191000
CollgCr,1212,7,2001,2001,3,2,0,1,0,178000
CollgCr,1630,7,2000,2001,3,2,0,1,0,213000
CollgCr,848,6,2003,2004,1,1,0,1,0,144000
CollgCr,848,6,2003,2003,1,1,0,1,0,140000
CollgCr,1602,8,2007,2007,3,2,0,1,0,293200
CollgCr,1728,7,2004,2004,3,2,1,1,0,190000
CollgCr,1500,7,2004,2004,3,2,0,1,0,190000
CollgCr,1476,6,2005,2005,3,2,1,1,0,173500
CollgCr,1396,6,2007,2007,3,2,1,1,0,170000
Edwards,1126,4,1949,2003,2,2,0,1,1,108000
Edwards,1486,5,1964,1999,3,1,0,1,0,167000
Edwards,816,4,1938,1958,2,1,0,0,0,100000
Edwards,1922,7,2003,2003,4,3,0,1,0,198500
Edwards,1426,6,1977,1977,3,1,1,0,0,159500
Edwards,1149,4,1960,1971,3,1,0,0,0,127000
Edwards,1698,9,2007,2008,3,2,0,1,0,320000
Edwards,1072,6,2005,2006,2,1,0,1,0,145500
Edwards,698,5,1947,2008,2,1,0,1,0,118000
Edwards,876,4,1959,1959,3,1,0,0,0,85000
Edwards,1368,5,1950,1950,3,1,0,0,0,120000
Edwards,1529,4,1945,1950,4,2,0,0,0,98000
Edwards,864,5,1922,1950,2,1,0,0,1,99900
Edwards,944,3,1952,1952,2,1,0,0,0,82000
Edwards,1678,5,1959,1959,6,2,0,0,0,119900
Edwards,1560,5,1956,1956,2,1,0,0,0,103500
Edwards,1196,6,1920,2000,3,1,0,1,0,110000
Edwards,1298,5,1941,1950,3,1,0,0,0,122000
Edwards,1604,5,1941,1960,3,2,0,0,0,117000
SWISU,438,2,1920,1950,1,1,0,0,0,60000
SWISU,1489,6,1940,1950,3,2,0,0,0,139500
SWISU,3082,7,1920,1970,5,2,1,0,0,197000
SWISU,1242,6,1935,1950,3,1,1,0,1,105000
SWISU,1981,4,1928,1950,4,2,0,0,0,135000
Crawfor,1232,6,1916,2000,3,1,0,1,0,147500
SWISU,1608,6,1925,1990,3,2,1,0,0,137450
SWISU,1135,7,1936,2007,3,1,0,1,1,155000
Crawfor,1913,6,1928,1950,3,1,1,0,0,177000
SWISU,1477,7,1928,1950,3,2,0,0,0,145000
Crawfor,1228,7,1918,1990,3,1,0,0,0,137000
Crawfor,2080,7,1926,2004,3,1,1,1,0,234000
Crawfor,1567,5,1940,1950,2,1,1,0,0,205000
Crawfor,1494,6,1942,1950,3,1,0,0,0,177500
Crawfor,1308,5,1940,1950,2,1,1,0,0,160000
Crawfor,1273,5,1960,1960,2,1,0,0,0,155000
Crawfor,964,5,1921,2006,2,1,0,1,0,163500
Crawfor,1343,5,1921,1950,3,1,1,0,0,154900
Crawfor,2480,7,1940,1950,5,2,1,0,0,205000
Crawfor,1564,7,1941,1950,3,1,1,0,0,174500
Crawfor,1561,6,1960,1960,3,2,0,0,0,193000
Crawfor,1523,5,1949,2005,3,2,0,1,0,158000
Crawfor,1906,6,1954,1954,3,1,1,0,0,224000
Blueste,1032,6,1980,1980,2,1,0,0,0,115000
Blueste,1229,6,1980,1992,2,1,1,0,0,137000
Blueste,1229,6,1980,1980,2,1,1,0,0,121000
Blueste,1229,6,1980,1980,2,1,1,0,0,124000
Crawfor,1982,6,1986,1986,3,2,1,0,0,208000
Crawfor,2365,7,1971,2009,3,2,0,1,0,315000
Crawfor,1680,6,1988,2007,3,2,0,1,0,222000
IDOTRR,1344,5,1920,1997,3,1,0,1,0,147000
IDOTRR,2168,5,1900,1993,5,2,0,0,0,123000
IDOTRR,1192,5,1920,1950,3,1,0,0,0,78000
IDOTRR,572,4,1925,1950,2,1,0,0,0,75000
IDOTRR,810,2,1910,1950,1,1,0,0,0,57625
Mitchel,2052,8,2000,2001,3,2,1,1,0,251000
Mitchel,1710,7,2004,2005,3,2,0,1,0,240000
Mitchel,1961,6,2001,2002,3,2,1,1,0,215000
Mitchel,926,6,1977,1977,2,1,0,0,0,156450
Mitchel,1287,6,1977,1977,2,1,1,0,0,173000
Mitchel,1734,5,1977,1977,4,2,0,0,0,126000
Mitchel,1217,7,1990,1991,3,2,0,0,0,173000
Timber,2036,7,1965,1965,3,2,0,0,0,375000
Timber,1620,9,2007,2008,2,2,0,1,0,315500
Timber,2036,9,2008,2008,3,2,0,1,0,410000
Timber,1641,9,2008,2008,3,2,0,1,0,316500
Timber,1466,8,2007,2007,3,2,0,1,0,201000
Timber,1412,6,1988,1988,3,2,0,0,0,175000
Timber,2237,6,1980,2006,3,2,1,1,0,204000
Timber,1479,7,1987,1989,3,2,1,0,0,213500
Timber,1296,8,2001,2002,2,2,0,1,0,220000
Timber,1838,9,2006,2006,2,2,0,1,0,315000
Timber,1978,9,2007,2007,2,2,0,1,0,425000
Mitchel,1008,5,1968,1968,3,1,0,0,0,139500
Mitchel,1771,5,1960,2006,3,1,0,1,0,115000
Mitchel,1204,6,1998,1998,2,2,0,1,0,162000
Mitchel,1224,6,1999,1999,2,2,0,1,0,165000
MeadowV,988,4,1973,1973,2,1,0,0,0,91000
Mitchel,874,5,1968,1968,3,1,0,0,0,130000
MeadowV,630,4,1970,2002,1,1,0,1,0,86000
Mitchel,1404,5,1969,2000,3,2,0,1,0,160000
MeadowV,630,4,1970,1970,1,1,0,0,0,80000
MeadowV,1344,4,1970,2008,3,1,1,1,0,97000
MeadowV,1092,4,1970,1970,3,1,1,0,0,88000
Mitchel,796,5,1972,1972,2,1,0,0,0,131900
Mitchel,1091,6,1993,1996,2,1,0,1,0,131250
Mitchel,1110,5,1978,1978,1,1,0,0,0,165500
Mitchel,833,5,1985,1985,3,1,0,0,0,112000
Mitchel,883,5,1992,1993,2,1,0,0,0,149000
Mitchel,1362,5,1993,1995,1,1,1,1,0,143000
Mitchel,1287,5,1992,1992,3,1,1,0,0,130000
Mitchel,1567,6,1977,1977,2,2,0,0,0,196000
Mitchel,1632,5,1969,1969,4,1,1,0,0,173000
NAmes,1414,6,1958,2002,3,1,0,1,0,176500
NAmes,2117,6,1970,1970,4,2,1,0,0,237500
NAmes,2112,6,1969,1969,4,2,1,0,0,206900
Gilbert,1604,6,1997,1998,3,2,1,1,0,187500
Gilbert,1470,6,1995,1996,3,2,1,1,0,165000
Gilbert,1604,6,1998,1998,3,2,1,1,0,195500
Gilbert,1638,6,1998,1998,3,2,1,1,0,192000
Gilbert,1636,6,1996,1996,3,2,1,1,0,173000
Gilbert,1384,5,1996,1997,3,2,0,1,0,177900
Gilbert,1446,7,1996,1997,3,2,1,1,0,175000
StoneBr,1593,8,2001,2002,0,1,1,1,0,286000
StoneBr,1682,8,1997,1997,1,1,1,1,0,247900
StoneBr,1337,8,1993,1993,2,2,0,0,0,180000
StoneBr,1280,8,1992,1992,2,2,0,0,0,180000
Gilbert,1604,6,1997,1998,3,2,1,1,0,181000
Gilbert,1658,6,1995,1996,3,2,1,1,0,188000
Gilbert,1895,7,1994,1996,3,2,1,1,0,194500
Gilbert,1709,6,1991,1991,3,2,1,0,0,185000
StoneBr,1228,8,1988,1989,2,2,0,0,0,189000
StoneBr,1337,8,1989,1989,2,2,0,0,0,188500
StoneBr,2500,8,2005,2005,5,3,1,1,0,355000
StoneBr,2504,9,2005,2007,4,2,1,1,0,325000
StoneBr,1884,9,2004,2004,2,2,0,1,0,387000
Gilbert,1474,6,1952,1952,3,1,0,0,1,115000
StoneBr,1710,9,2007,2007,2,2,0,1,0,334000
NWAmes,2093,7,1986,1991,3,2,1,0,0,215000
NWAmes,1688,7,1988,1988,2,2,0,0,0,226500
NWAmes,1422,6,1981,1981,3,2,0,0,0,175500
NWAmes,1260,7,1983,1983,3,2,0,0,0,181900
NWAmes,2064,7,1978,1978,3,2,0,0,0,235000
NWAmes,1782,7,1979,1979,3,2,0,0,0,220000
NWAmes,2872,6,1977,1995,4,2,1,1,0,272000
NWAmes,1211,6,1976,1976,3,2,0,0,0,161000
NWAmes,2044,7,1980,1988,3,2,1,0,0,185000
NWAmes,1308,5,1969,1969,3,1,1,0,0,146900
NWAmes,2840,7,1978,1978,4,2,1,0,0,292500
NWAmes,1444,6,1976,1976,2,2,0,0,0,159900
NWAmes,1964,7,1976,1976,4,2,1,0,0,205000
NWAmes,1178,5,1973,2000,3,1,1,1,0,157000
NWAmes,2340,8,1996,1996,4,2,1,1,0,306000
NAmes,1792,5,1974,1974,4,2,2,0,0,133000
NAmes,1054,6,1969,1969,3,1,1,0,0,151000
NAmes,936,4,1969,1969,2,1,0,0,0,111900
NAmes,864,5,1971,1971,3,1,0,0,0,123000
NAmes,864,4,1972,1972,3,1,0,0,0,111250
BrDale,987,6,1973,1973,2,1,1,0,0,103400
BrDale,987,6,1973,1973,2,1,1,0,0,100000
BrDale,987,6,1972,1972,2,1,1,0,0,100500
BrDale,987,6,1970,1970,2,1,1,0,0,106000
BrDale,987,6,1971,1971,2,1,1,0,0,89500
BrDale,1302,5,1972,1972,3,2,1,0,0,111750
NPkVill,1456,6,1975,1975,4,2,1,0,0,143000
NPkVill,1055,7,1977,1977,2,2,0,0,0,148500
NAmes,892,5,1966,1966,3,1,0,0,0,110000
NridgHt,2464,8,2007,2007,4,2,1,1,0,417500
NridgHt,1950,9,2007,2007,2,2,0,1,0,383000
NridgHt,2790,10,2005,2006,4,2,1,1,0,460000
NridgHt,2331,9,2005,2005,3,2,1,1,0,379000
NridgHt,2088,8,2007,2007,4,2,1,1,0,250000
NridgHt,2332,8,2004,2004,4,2,1,1,0,316000
NridgHt,2470,10,2003,2003,1,1,1,1,0,615000
NridgHt,2668,9,2003,2004,3,2,1,1,0,412500
NridgHt,2046,7,2003,2004,3,2,1,1,0,284000
NridgHt,1575,8,2003,2004,2,2,0,1,0,284000
NridgHt,2649,8,2001,2002,4,2,1,1,0,421250
NridgHt,2690,8,2003,2003,4,2,1,1,0,370000
NridgHt,1367,7,2005,2005,2,2,0,1,0,192000
NridgHt,1518,8,2003,2004,1,1,1,1,0,274000
NridgHt,1684,9,2005,2005,2,2,0,1,0,266000
NridgHt,1342,8,2006,2007,2,2,0,1,0,234250
NridgHt,1342,8,2006,2007,2,2,0,1,0,219500
NridgHt,1626,7,2003,2004,2,2,1,1,0,155000
NridgHt,1626,7,2003,2004,2,2,1,1,0,154000
NridgHt,1358,7,2004,2004,2,2,0,1,0,207000
Blmngtn,1455,7,2003,2003,2,2,0,1,0,195000
Blmngtn,1576,7,2004,2004,2,2,0,1,0,219990
Blmngtn,1504,7,2005,2006,2,2,0,1,0,191000
Blmngtn,1266,7,2007,2007,2,2,0,1,0,159895
Gilbert,1515,6,2004,2004,3,2,1,1,0,179000
Gilbert,1593,6,2004,2004,3,2,1,1,0,193000
Gilbert,1166,7,2005,2005,2,2,0,1,0,190000
Gilbert,1456,6,2005,2005,3,2,1,1,0,176000
Gilbert,1720,7,2002,2003,3,2,1,1,0,188000
Gilbert,1986,7,2003,2003,4,2,1,1,0,213000
Gilbert,1792,6,2000,2000,3,2,1,1,0,186500
Gilbert,1892,7,2000,2001,3,2,1,1,0,226750
Gilbert,1490,7,2004,2005,3,2,1,1,1,184000
Gilbert,1414,7,2002,2002,3,2,1,1,1,176000
Gilbert,2322,7,1999,2000,4,2,1,1,1,225000
Gilbert,1651,7,1999,1999,3,2,1,1,0,185900
NoRidge,2199,8,1997,1997,3,2,1,1,0,284500
NoRidge,2630,8,1998,1998,4,2,1,1,0,315000
NoRidge,2198,8,2000,2000,4,2,1,1,0,250000
NoRidge,2172,9,2000,2000,4,2,1,1,0,291000
NoRidge,2006,8,1998,1998,2,2,0,1,0,350000
NoRidge,2125,7,1996,1997,4,2,1,1,0,279500
NoRidge,2501,8,1995,1995,4,2,1,1,0,290000
NoRidge,2113,8,1995,1995,2,2,1,1,0,350000
NoRidge,2418,7,1993,1994,3,2,1,0,0,341000
NoRidge,2197,7,1993,1994,4,2,1,0,0,287500
NoRidge,2127,7,1994,1994,3,2,1,0,0,271000
NoRidge,1987,8,1994,1994,2,2,0,0,0,301500
Somerst,1933,6,2007,2007,4,2,1,1,1,214000
Somerst,1574,8,2006,2006,3,2,0,1,1,232000
Somerst,1578,7,2006,2006,3,2,0,1,1,240000
Somerst,1563,8,2007,2007,3,2,0,1,0,245000
Somerst,1861,8,2007,2007,3,3,0,1,0,257000
Somerst,1460,8,2006,2007,3,2,0,1,1,247000
Somerst,1768,7,2005,2005,3,2,1,1,0,226700
Somerst,1992,8,2003,2004,3,2,1,1,0,250000
Somerst,1958,7,2005,2005,3,2,1,1,0,250000
Somerst,1665,7,2007,2007,3,2,1,1,0,205950
Somerst,1660,8,2007,2007,3,2,0,1,0,256000
Somerst,1728,6,2003,2003,3,2,1,1,0,207500
SawyerW,1080,7,2004,2005,3,1,0,1,0,141000
SawyerW,1696,6,2003,2003,3,2,1,1,0,188000
SawyerW,1663,7,2003,2004,3,2,1,1,0,192500
SawyerW,1175,6,2005,2006,3,1,0,1,1,146000
SawyerW,1114,5,2004,2004,3,1,1,1,1,159000
SawyerW,1114,6,2003,2004,3,1,0,1,1,155000
SawyerW,1640,6,2004,2004,3,2,1,1,0,173000
SawyerW,1162,7,2007,2007,3,2,0,1,0,170000
SawyerW,1609,6,1995,1995,3,2,1,1,0,182000
SawyerW,1680,6,1993,1994,3,2,1,0,0,163000
SawyerW,1679,6,1994,1998,3,2,0,1,0,193500
SawyerW,1657,7,1994,1995,3,2,1,1,0,189000
SawyerW,1677,6,2001,2001,3,2,1,1,0,190500
SawyerW,1737,7,1992,1992,3,2,1,0,0,175000
SawyerW,1294,6,1991,1991,3,2,0,0,0,179200
SawyerW,1710,6,1993,1993,3,2,1,0,1,187000
SawyerW,1617,6,1993,1994,2,2,0,0,0,193000
SawyerW,1199,6,1993,1993,2,2,0,0,0,153900
Sawyer,984,5,1963,1963,3,1,0,0,1,128000
Sawyer,912,5,1962,1962,2,1,0,0,0,144000
Sawyer,864,5,1961,2007,3,1,0,1,1,135000
Sawyer,890,5,1968,1968,3,1,0,0,1,115000
Sawyer,912,6,1961,1996,3,1,0,1,1,142000
Veenker,1430,6,1974,1974,3,2,0,0,0,192000
Sawyer,1641,5,1972,1972,4,2,0,0,1,140000
NoRidge,2683,6,1990,1991,4,2,1,0,0,290000
NoRidge,2786,9,1993,1994,4,2,1,0,0,372500
Somerst,1391,7,2004,2004,2,2,0,1,0,196000
Somerst,1250,7,2006,2007,2,2,1,1,0,171900
Somerst,1245,7,2004,2005,1,2,0,1,0,178000
Somerst,1200,6,2005,2005,2,2,1,1,0,165000
Somerst,1501,7,1999,1999,3,2,1,1,0,179400
Somerst,1549,6,1999,1999,3,2,1,1,0,172900
Somerst,1638,9,2000,2000,2,2,0,1,0,300000
Somerst,1310,9,2001,2001,1,1,1,1,0,285000
Somerst,1419,9,2001,2001,2,1,1,1,0,290000
Somerst,1557,9,1999,2000,2,2,0,1,0,305000
Somerst,1252,7,1999,2000,2,2,1,1,0,160000
Somerst,1404,7,1999,2000,3,2,1,1,0,170000
Somerst,1789,7,2001,2001,3,2,1,1,0,223000
Somerst,1586,8,1999,1999,3,2,1,1,0,170000
Somerst,1607,8,1999,2000,3,2,1,1,0,200000
Somerst,2393,10,1998,1999,2,2,1,1,0,345000
Veenker,1288,8,1996,1996,1,1,1,1,0,245500
Veenker,1239,8,1995,1995,1,1,1,1,0,217500
Veenker,1719,8,1993,1993,1,1,1,0,0,324000
Veenker,1232,6,1984,1984,3,2,0,0,0,162500
Veenker,1671,8,1976,2007,3,3,0,1,0,290000
Somerst,1812,7,2002,2002,3,2,1,1,0,205000
NWAmes,1682,7,1970,1970,3,2,0,0,0,174000
NWAmes,1427,6,1969,1969,4,2,0,0,0,183000
NWAmes,1620,7,1967,1967,4,2,0,0,0,215000
NWAmes,1625,5,1965,1965,4,2,0,0,1,140500
NWAmes,2614,6,1974,1997,4,2,1,1,0,240000
NAmes,1464,5,1968,1968,4,1,1,0,1,141000
NAmes,912,5,1965,2008,2,1,0,1,0,147000
NAmes,925,5,1965,2005,3,1,0,1,0,135000
NAmes,1728,5,1965,1965,6,2,0,0,0,145000
NAmes,1728,5,1965,1965,6,2,0,0,0,142600
NWAmes,1656,5,1973,1973,4,2,0,0,1,135000
NWAmes,1670,7,1971,1971,4,1,1,0,0,170000
NWAmes,2715,8,1976,1996,4,3,1,1,0,299800
NWAmes,1876,6,1974,1974,4,2,1,0,0,185000
NWAmes,1632,6,1966,2000,4,1,1,1,1,173000
NAmes,999,7,1961,2007,3,1,0,1,0,178400
NWAmes,1978,7,1968,1968,4,2,1,0,1,176000
NAmes,1014,5,1956,1956,2,1,0,0,0,98000
NAmes,907,4,1957,1957,3,1,0,0,0,109008
NAmes,952,4,1956,1956,2,1,0,0,0,135750
NAmes,1128,5,1963,1963,3,2,0,0,0,155000
NAmes,1425,6,1964,1964,3,2,0,0,0,180500
NAmes,1165,6,1966,1966,3,1,1,0,0,174900
NAmes,1136,6,1965,1965,3,1,0,0,0,140000
NAmes,1092,6,1964,1964,3,1,0,0,0,145000
NAmes,1265,5,1965,1999,3,2,0,1,0,179900
NAmes,1350,6,1964,1964,3,1,1,0,1,168500
NAmes,1053,5,1959,2006,3,1,1,1,0,145500
NAmes,1252,6,1959,1959,3,1,0,0,0,142000
NAmes,1100,4,1960,1960,3,1,0,0,0,141000
NAmes,1118,5,1960,2000,3,1,0,1,0,153000
BrkSide,720,3,1949,1950,2,1,0,0,1,72500
BrkSide,729,3,1935,2003,2,1,0,1,0,52000
BrkSide,1077,5,1939,1950,2,1,0,0,1,118000
BrkSide,906,4,1937,1950,2,1,0,0,1,87000
NAmes,1496,5,1960,1960,3,2,0,0,0,141500
NAmes,1337,5,1950,2006,3,1,0,1,0,141500
NAmes,1661,6,1955,1996,3,1,0,1,0,165500
NAmes,1036,5,1953,1953,3,1,0,0,1,112900
NAmes,1820,7,1965,1988,4,1,2,0,0,201800
NAmes,1362,6,1961,1961,3,1,1,0,0,163000
NAmes,1144,5,1961,1961,3,1,0,0,0,139950
NAmes,1431,6,1962,1962,3,1,0,0,0,165000
NAmes,1988,6,1966,1999,4,2,1,1,0,227000
NAmes,1098,5,1955,1955,3,1,0,0,0,135000
NAmes,1144,5,1963,1963,3,1,1,0,0,124000
NAmes,1283,5,1962,1980,3,1,0,0,0,140000
NAmes,1176,5,1957,1957,3,1,0,0,0,136500
NAmes,1440,5,1959,1998,2,2,0,1,0,185000
NAmes,1261,6,1958,1958,3,1,0,0,0,163000
NAmes,1570,6,1958,1958,3,1,0,0,1,166800
NAmes,1196,6,1956,1956,2,1,0,0,0,139000
NAmes,1392,6,1957,1957,3,1,1,0,0,166000
NAmes,1080,6,1958,1958,3,1,0,0,0,136000
NAmes,1104,5,1956,1958,3,1,0,0,0,133000
NAmes,882,5,1952,1952,2,1,0,0,0,116000
NAmes,1152,5,1953,1953,3,1,1,0,0,137500
NAmes,950,5,1953,1953,2,1,0,0,0,130000
NAmes,1790,6,1957,1957,3,2,0,0,0,180000
NAmes,1764,5,1957,1982,4,2,1,0,0,100000
NAmes,1824,5,1957,1957,5,2,0,0,0,146000
OldTown,869,4,1948,1950,1,1,0,0,0,89900
OldTown,1159,5,1925,1950,3,1,0,0,0,114000
NAmes,1558,5,1945,1950,3,1,1,0,1,140000
OldTown,672,4,1940,2005,2,1,0,1,0,86900
OldTown,1436,5,1922,1950,3,1,0,0,0,139000
OldTown,1294,4,1900,2000,3,2,0,1,0,106250
NAmes,1716,6,1962,1962,4,1,1,0,0,171000
NAmes,1044,5,1968,1968,3,1,1,0,1,139000
NAmes,1312,7,1958,2001,3,1,1,1,0,186000
NAmes,1253,6,1960,1960,2,1,1,0,0,157000
NAmes,1081,6,1960,1993,3,1,0,0,0,148000
NAmes,2069,7,1960,2007,4,2,0,1,0,242000
NAmes,910,5,1953,1996,3,1,0,1,0,116000
NAmes,1048,5,1950,1950,3,1,0,0,0,98300
NAmes,1507,5,1960,1960,4,2,0,0,0,127000
NAmes,1256,5,1959,1959,3,1,1,0,0,159000
NAmes,1027,5,1962,1962,3,1,0,0,0,125900
NAmes,1269,5,1960,1960,3,1,1,0,0,155000
NAmes,1320,6,1948,1950,3,2,0,0,1,138000
NAmes,984,6,1954,1954,2,1,0,0,1,112500
NAmes,832,6,1954,1954,2,1,0,0,1,105500
NAmes,1278,6,1954,1954,4,1,0,0,0,127500
NAmes,1588,5,1955,1967,3,1,1,0,0,150000
NAmes,825,5,1954,1954,2,1,0,0,0,109500
NAmes,1796,6,1963,1963,4,1,1,0,0,140000
NAmes,1611,6,1964,1964,4,1,1,0,0,167900
NAmes,1117,5,1963,1963,3,1,0,0,0,136870
OldTown,764,5,1925,2004,2,1,0,1,1,73000
OldTown,1539,5,1904,2002,3,2,0,1,0,157500
OldTown,1323,5,1948,2005,3,1,0,1,1,122600
OldTown,1360,5,1910,2003,2,1,0,1,0,111000
OldTown,2792,6,1920,1950,5,2,0,0,0,256000
OldTown,672,5,1940,1950,2,1,0,0,0,64000
OldTown,1456,6,1915,2005,4,1,1,1,0,139500
OldTown,1594,4,1910,1996,3,2,0,1,0,118000
OldTown,2082,7,2003,2003,3,2,1,1,0,200000
OldTown,1656,4,1940,1985,2,2,0,0,0,119164
OldTown,1740,5,1920,1950,2,1,0,0,1,122250
OldTown,1027,7,1920,2006,2,1,0,1,0,120000
OldTown,1436,6,1940,1950,3,2,0,0,0,155000
OldTown,899,5,1910,1950,2,1,0,0,0,78000
OldTown,1080,5,1890,1996,3,1,0,1,0,95000
OldTown,1122,5,1948,2005,2,1,0,1,0,147000
OldTown,1499,5,1946,1950,3,1,0,0,0,140000
OldTown,928,5,1957,1957,3,1,0,0,0,112500
OldTown,901,4,1954,2000,2,1,0,1,0,107900
OldTown,3493,7,1880,2002,3,3,0,1,0,295000
OldTown,1627,5,1900,2006,4,2,0,1,0,139500
OldTown,1416,5,1915,1950,4,1,1,0,1,153900
OldTown,1450,7,1920,1965,3,1,0,0,1,132000
OldTown,1017,5,1900,2003,2,1,0,1,0,114000
OldTown,2350,5,1920,1960,4,2,0,0,0,130000
OldTown,2058,6,1917,1950,3,1,1,0,0,129500
OldTown,1540,5,1905,2005,3,1,1,1,0,129400
OldTown,1378,7,1928,2005,3,2,0,1,0,161000
OldTown,1912,6,1905,2000,3,2,0,1,0,163000
OldTown,1484,6,1914,2001,3,2,0,1,0,128000
OldTown,2358,8,1872,1987,4,2,0,0,0,122000
OldTown,1111,7,1926,1950,2,1,0,0,0,116900
OldTown,2775,10,1893,2000,3,3,1,1,1,325000
OldTown,1086,2,1920,1950,2,1,0,0,0,55000
OldTown,2495,7,1890,1999,5,2,0,1,0,184000
OldTown,984,5,1959,1959,2,1,0,0,0,110000
OldTown,1795,5,1954,1954,4,2,0,0,0,131500
OldTown,882,5,1956,1956,2,1,0,0,0,97000
OldTown,1093,4,1958,2006,2,1,0,1,0,115500
BrkSide,1143,5,1928,1983,2,1,0,0,0,138000
BrkSide,935,5,1930,1960,2,1,0,0,1,79500
BrkSide,1738,5,1935,1950,3,2,0,0,0,153000
BrkSide,784,5,1924,1950,2,1,0,0,0,109500
BrkSide,1210,5,1941,2006,3,1,0,1,1,124000
BrkSide,1290,6,1900,2000,3,1,1,1,1,106900
BrkSide,1672,6,1940,1989,3,1,1,0,0,164900
BrkSide,949,5,1924,2003,2,1,0,1,0,119000
BrkSide,1158,6,1929,1950,3,1,0,0,0,120000
BrkSide,1497,6,1937,2000,3,2,0,1,0,157000
BrkSide,1342,6,1939,1950,2,2,0,0,0,105000
BrkSide,1013,6,1926,1950,3,1,0,0,0,113000
BrkSide,1216,5,1920,1997,3,1,0,1,1,115000
BrkSide,1136,4,1929,1950,2,1,0,0,0,123000
BrkSide,808,5,1945,1995,1,1,0,1,0,81300
BrkSide,1573,5,1930,1992,3,2,0,0,0,162900
BrkSide,2009,7,1939,1950,4,2,0,0,0,150000
OldTown,1902,5,1923,1950,4,2,0,0,1,123500
BrkSide,1362,6,1920,1999,3,2,0,1,1,128000
BrkSide,520,4,1927,1950,1,1,0,0,1,68500
BrkSide,1285,5,1948,2001,2,1,0,1,0,127000
BrkSide,1848,6,1923,2000,4,1,1,1,0,207000
BrkSide,1820,7,1925,1950,4,2,0,0,0,184000
BrkSide,1716,6,1915,2004,4,2,0,1,0,162500
BrkSide,1505,5,1940,1982,3,1,0,0,0,145000
BrkSide,838,6,1918,2000,2,1,0,1,1,130000
OldTown,1984,6,1910,1983,5,2,0,0,0,160000
OldTown,1666,8,1925,1996,3,1,0,1,0,161000
OldTown,1609,6,1910,1950,3,1,0,0,0,127500
IDOTRR,768,6,1930,1950,1,1,0,0,1,93850
IDOTRR,1969,6,1938,1958,4,2,0,0,0,141000
IDOTRR,1308,5,1915,1978,2,2,0,0,0,120000
IDOTRR,1040,6,1925,1992,2,1,0,0,0,127500
IDOTRR,1406,6,1920,1950,3,1,0,0,1,89500
OldTown,825,5,1955,1995,2,1,0,1,1,125000
IDOTRR,1344,3,1915,1950,3,2,0,0,0,82375
IDOTRR,1469,6,1906,1995,3,1,0,1,0,135000
Sawyer,1211,5,1968,1968,3,1,0,0,1,134000
Sawyer,1271,5,1948,1950,4,2,0,0,0,135000
ClearCr,1588,4,1959,1959,4,2,0,0,1,134432
Edwards,1355,5,1940,1999,4,2,0,1,0,127500
Sawyer,1040,5,1965,1965,3,1,0,0,0,129500
Sawyer,1096,6,1978,1978,3,1,0,0,0,157500
Sawyer,992,5,1967,2005,3,1,0,1,0,145000
Sawyer,894,5,1967,2003,3,1,0,1,1,130000
Sawyer,1034,6,1978,1978,3,1,0,0,0,153000
Sawyer,1073,5,1967,1967,3,1,0,0,0,120000
Sawyer,1126,5,1984,1984,2,1,0,0,0,152000
Sawyer,1006,5,1959,1959,3,1,0,0,0,80000
Sawyer,1228,5,1966,2006,3,1,1,1,0,149350
Sawyer,960,5,1963,2003,3,1,0,1,1,144900
Sawyer,1188,6,1956,1956,1,1,0,0,0,185000
Sawyer,1383,5,1954,1954,3,1,0,0,0,165000
ClearCr,1252,6,1960,1975,1,1,0,0,0,235000
Sawyer,1601,5,1958,1987,3,1,0,0,0,140000
Sawyer,672,5,1940,1997,2,1,0,1,0,108000
Sawyer,1350,5,1941,1973,2,1,1,0,0,152400
Sawyer,904,5,1970,1970,3,1,0,0,0,144000
ClearCr,1291,6,1996,1997,2,1,0,1,0,173000
ClearCr,2022,7,1977,1977,4,2,1,0,0,192000
ClearCr,1524,7,1979,1979,3,2,0,0,0,245000
ClearCr,1363,7,1954,2005,2,1,0,1,0,241500
ClearCr,1663,4,1954,1994,2,1,0,0,0,256000
Edwards,1357,6,1959,2006,2,1,0,1,0,177000
Edwards,1079,7,1948,1950,2,1,0,0,0,125600
Edwards,1094,6,1953,1953,3,1,0,0,0,155000
ClearCr,2358,6,1908,1997,5,3,0,1,0,240000
Edwards,1518,5,1940,2007,2,1,0,1,0,260000
Edwards,1674,6,1918,1950,4,2,0,0,0,185000
Edwards,2108,6,1935,1986,4,2,0,0,0,235000
Edwards,1509,5,1956,1956,3,1,0,0,0,159900
Edwards,864,5,1975,1975,2,1,0,0,0,99600
Edwards,1269,6,1962,2001,3,1,1,1,0,134500
Edwards,1367,5,1900,1950,4,1,0,0,0,119000
Edwards,1347,5,1910,1991,3,1,0,0,0,107500
Edwards,1164,5,1950,1950,3,1,0,0,0,125000
Edwards,1096,6,1924,1950,2,1,0,0,1,79000
Edwards,1111,5,1941,1950,3,1,0,0,1,95000
SawyerW,2329,7,1990,1990,4,2,1,0,0,262280
SawyerW,2814,6,1995,2002,4,2,1,1,0,260000
SawyerW,1626,7,1994,1994,3,2,1,0,0,226500
SawyerW,2200,7,1993,1994,4,2,1,0,0,225000
SawyerW,2037,7,1996,1996,3,2,1,1,0,229000
CollgCr,1615,8,2007,2007,3,2,0,1,0,248500
SawyerW,2097,7,1993,1993,3,2,1,0,0,228000
SawyerW,1511,8,1995,1995,3,2,0,1,0,225000
ClearCr,1643,6,1966,1966,2,2,0,0,0,195000
ClearCr,1688,6,1997,1997,4,2,1,1,1,200000
CollgCr,990,5,1994,1994,3,1,0,0,0,155000
CollgCr,1099,5,1995,2006,3,1,1,1,0,144000
CollgCr,990,5,1994,1995,3,1,0,1,0,145000
CollgCr,1418,7,1997,1998,3,2,0,1,0,226001
CollgCr,1771,6,1997,1997,3,2,1,1,0,215700
CollgCr,1652,7,2000,2000,3,2,1,1,0,207500
CollgCr,1724,7,1998,1999,3,2,1,1,0,188000
CollgCr,1479,7,1999,2000,3,2,0,1,0,191000
CollgCr,1494,7,2002,2002,3,2,0,1,0,221000
CollgCr,1792,7,2001,2001,3,2,1,1,0,231500
CollgCr,1823,7,2000,2001,3,2,1,1,0,235000
CollgCr,1786,7,2001,2002,3,2,1,1,0,223500
CollgCr,938,5,1975,1980,3,1,0,0,0,130250
CollgCr,985,5,1977,1977,3,2,0,0,0,149900
CollgCr,1174,5,1978,1978,3,1,0,0,0,158000
CollgCr,1026,6,1978,1978,3,1,0,0,0,147000
CollgCr,1558,5,1975,2001,2,2,0,1,0,163000
CollgCr,924,5,1975,1975,3,1,0,0,0,110000
CollgCr,864,5,1972,1972,3,1,0,0,0,127000
CollgCr,780,5,1972,1972,2,1,0,0,0,124900
CollgCr,1795,8,2002,2002,3,2,0,1,0,230000
CollgCr,2031,8,2002,2002,3,2,1,1,0,237000
CollgCr,1865,7,2000,2000,3,2,1,1,0,235000
CollgCr,2161,7,2001,2001,3,2,1,1,0,230500
CollgCr,1852,8,1999,2000,3,2,1,1,0,230000
CollgCr,2031,7,1998,1999,3,2,1,1,0,222500
CollgCr,2263,8,2001,2002,3,2,1,1,0,287000
CollgCr,1947,9,2001,2002,3,2,1,1,0,274000
CollgCr,1786,8,2002,2003,3,2,0,1,0,300000
CollgCr,2290,8,2002,2002,4,2,1,1,0,255900
CollgCr,1768,7,2003,2003,3,2,1,1,0,224900
CollgCr,2327,7,2003,2003,4,2,1,1,0,240000
CollgCr,1640,7,2003,2003,3,2,1,1,0,183000
CollgCr,1764,8,1999,2000,3,2,1,1,0,207000
CollgCr,1908,7,1994,1995,4,2,1,1,0,210000
CollgCr,848,6,2003,2003,1,1,0,1,0,136500
CollgCr,848,6,2004,2004,1,1,0,1,0,145000
CollgCr,1493,6,1997,1998,3,2,0,1,0,208900
CollgCr,1536,7,2002,2003,3,2,0,1,0,214000
CollgCr,1710,7,2003,2003,3,2,1,1,0,208500
CollgCr,1445,7,2004,2004,3,2,0,1,0,186500
CollgCr,1436,7,2004,2004,3,2,0,1,0,210000
CollgCr,1582,7,2004,2004,3,2,1,1,0,185900
CollgCr,1234,8,2007,2007,3,2,0,1,0,179900
CollgCr,1564,7,2007,2007,3,2,0,1,0,218836
CollgCr,1361,7,2007,2007,3,2,0,1,0,193000
CollgCr,1456,7,2005,2005,3,2,1,1,0,189000
CollgCr,848,6,2004,2004,1,1,0,1,0,149300
CollgCr,848,6,2004,2004,1,1,0,1,0,141000
CollgCr,848,6,2004,2004,1,1,0,1,0,149000
CollgCr,848,6,2004,2004,1,1,0,1,0,144500
Edwards,796,5,1910,1950,2,1,0,0,1,85000
Edwards,2200,5,1900,2003,4,2,2,1,1,145900
Edwards,1256,5,1965,1965,3,1,1,0,0,147500
Edwards,1127,6,1976,1976,3,1,1,0,0,135000
Edwards,996,5,1940,1969,3,1,0,0,0,108000
Edwards,1181,4,1972,1972,3,2,0,0,0,137500
Edwards,1656,7,2003,2004,3,2,1,1,0,165400
Edwards,1117,6,1977,1977,3,1,0,0,0,147000
Edwards,1398,6,1976,2001,3,1,1,1,0,160500
Edwards,1132,4,2005,2005,2,1,1,1,0,176000
Edwards,3820,5,1959,1996,5,3,1,1,0,284700
Edwards,1072,6,2005,2005,2,1,0,1,0,148000
Edwards,1440,4,1955,1955,4,2,0,0,0,118000
Edwards,1152,4,1955,1955,2,2,0,0,0,82500
Edwards,784,4,1955,1955,2,1,0,0,0,91900
Edwards,1137,5,1947,1993,4,1,1,0,0,96000
Edwards,930,4,1953,1953,2,1,0,0,0,99000
Edwards,1200,5,1946,1995,3,1,0,1,0,130500
Edwards,1470,4,1954,1972,4,2,0,0,0,135000
Edwards,1393,5,1955,1955,3,1,1,0,0,135500
Edwards,1292,4,1923,2008,3,1,1,1,0,108000
Edwards,864,5,1925,1950,2,1,0,0,0,98000
Edwards,864,3,1914,1950,2,1,0,0,0,67000
SWISU,1716,5,1912,2000,6,2,0,1,0,135900
SWISU,1482,6,1925,1950,4,2,0,0,0,140000
SWISU,2192,5,1939,1997,4,2,1,1,0,179500
SWISU,1694,6,1925,1950,4,2,0,0,0,136500
SWISU,1424,7,1921,1950,2,2,0,0,0,168000
SWISU,2601,5,1921,1998,4,3,1,1,1,189000
Crawfor,1316,6,1926,1950,2,1,0,0,0,145000
Crawfor,2555,6,1922,1994,3,2,0,0,0,191000
Crawfor,1680,6,1915,1976,4,2,0,0,0,177000
Crawfor,1264,6,1914,1995,3,1,0,1,0,147500
SWISU,790,6,1930,1950,2,1,0,0,0,91000
Crawfor,1512,8,1925,1997,3,2,0,1,0,231000
SWISU,1639,6,1936,1950,3,1,0,0,0,115000
Crawfor,1603,6,1923,1950,4,1,0,0,0,138000
Crawfor,1502,7,1931,2000,3,1,1,1,0,149000
Crawfor,1660,6,1934,1995,3,1,1,1,0,188700
Crawfor,1938,5,1937,1995,4,2,0,1,0,198000
Crawfor,1374,5,1938,1950,3,1,0,0,1,110000
Crawfor,1091,6,1951,1951,2,1,0,0,1,104000
Crawfor,3447,8,1935,1997,4,3,1,1,0,381000
Crawfor,1954,7,1939,2006,3,1,1,1,0,311500
Crawfor,2161,7,1950,2000,3,2,1,1,0,263400
Crawfor,1898,5,1956,1956,3,2,1,0,0,236500
Crawfor,1640,6,1954,2006,3,1,0,1,0,224000
Blueste,1032,6,1980,1980,2,1,0,0,0,116500
Blueste,1556,6,1980,1980,3,2,1,0,0,151000
IDOTRR,919,6,1926,1998,2,1,0,1,0,126000
IDOTRR,1090,6,1940,2006,3,1,0,1,0,120000
IDOTRR,796,4,1922,1950,2,1,0,0,0,55000
IDOTRR,816,6,1930,2007,2,1,0,1,0,120500
IDOTRR,778,5,1940,1955,2,1,0,0,0,120500
IDOTRR,1200,5,1930,1950,4,1,0,0,0,119000
IDOTRR,1656,5,1967,1967,3,1,1,0,0,126000
IDOTRR,912,5,1930,1995,2,1,0,1,0,99500
IDOTRR,1955,5,1958,1958,4,2,0,0,0,165500
IDOTRR,1361,4,1895,1950,2,1,0,0,1,89000
IDOTRR,1317,4,1920,1950,3,1,0,0,1,40000
IDOTRR,1049,4,1910,2000,2,1,0,1,1,80900
IDOTRR,894,3,1935,1950,2,1,0,0,0,81000
IDOTRR,864,4,1920,1950,3,1,1,0,0,65000
Crawfor,1646,7,2004,2005,2,2,0,1,0,250000
Crawfor,1646,8,2004,2005,2,2,0,1,0,275000
Mitchel,2032,7,1996,1997,3,3,0,1,0,300000
Mitchel,1689,8,2002,2002,3,2,0,1,0,271000
Mitchel,1820,7,1996,1997,3,2,1,1,0,213000
Mitchel,1118,6,1977,1977,3,1,0,0,0,171000
Mitchel,1279,6,1977,1977,3,2,0,0,0,171500
Mitchel,1689,4,1991,1991,3,2,0,0,0,228500
Timber,1786,5,1965,1965,3,2,0,0,0,228950
Timber,1501,7,1986,1986,2,2,0,0,0,241500
Timber,1537,8,2006,2007,3,2,0,1,0,294000
Timber,1442,5,2006,2007,3,2,1,1,0,172500
Timber,1394,5,2006,2007,3,2,1,1,0,167500
Timber,1495,6,1989,1989,3,2,0,0,0,150000
Timber,1651,6,1986,1986,3,2,0,0,0,184000
Timber,1256,6,1986,1986,3,2,0,0,0,180000
Timber,1440,8,2003,2003,3,2,0,1,0,232500
Timber,1675,6,1999,2000,3,2,0,1,0,195000
Timber,2262,8,2003,2003,4,2,1,1,0,305000
Timber,1728,8,2007,2007,3,2,0,1,0,298751
Timber,1964,8,2005,2006,3,2,1,1,0,370000
Mitchel,1189,6,1997,1997,2,2,0,1,0,160500
Mitchel,1200,4,1964,1964,3,1,0,0,0,173000
MeadowV,1040,5,1975,1975,3,1,0,0,0,124000
MeadowV,1304,5,1976,1976,3,1,1,0,0,115000
MeadowV,1475,5,1976,1976,4,2,0,0,0,129500
MeadowV,988,4,1973,2006,2,1,0,1,0,105000
MeadowV,988,4,1973,1973,1,1,0,0,0,94900
Mitchel,1160,5,1968,1968,3,1,0,0,0,152500
MeadowV,1092,6,1970,2007,3,2,1,1,0,98000
MeadowV,630,4,1972,1972,1,1,0,0,0,81000
Mitchel,988,5,1954,1954,2,1,0,0,1,113000
Mitchel,816,5,1983,1983,2,1,0,0,0,128500
Mitchel,923,5,1984,1985,3,1,0,0,0,119500
Mitchel,816,5,1982,2008,3,1,0,1,0,130500
Mitchel,816,5,1982,2003,2,1,0,1,0,138000
Mitchel,845,5,1982,2005,3,1,0,1,0,134500
Mitchel,1750,6,1940,1985,4,2,0,0,0,160000
Mitchel,889,5,1984,1984,3,1,0,0,0,137500
Mitchel,1968,5,1969,1969,4,2,1,0,0,172000
IDOTRR,1836,5,1900,1950,4,2,0,0,0,103000
NAmes,1587,6,1971,1971,3,2,0,0,0,167300
NAmes,1277,7,1970,1970,2,1,0,0,0,167000
NAmes,2223,7,1973,1973,3,2,0,0,0,244000
NAmes,2217,8,1970,1970,4,2,0,0,0,268000
Gilbert,1572,6,1995,1996,3,2,1,1,0,168000
Gilbert,1470,6,1997,1997,3,2,0,1,0,177000
Gilbert,1600,6,1997,1997,3,2,1,1,0,169000
Gilbert,1384,6,1997,1997,3,2,1,1,0,161500
StoneBr,1652,8,2000,2000,2,2,0,1,0,251000
Gilbert,1694,6,1994,1994,3,2,1,0,0,160000
Gilbert,1553,7,1996,1996,3,2,1,1,0,178750
Gilbert,1253,7,1995,1996,3,2,0,1,0,176000
Gilbert,2299,6,1999,2003,5,3,1,1,0,204000
Gilbert,1187,7,1992,1993,3,2,0,0,0,160000
Gilbert,1472,7,1991,1992,3,2,1,0,0,160000
Gilbert,1482,7,1992,1992,3,2,1,0,0,163900
Gilbert,1642,6,1993,1994,3,2,1,0,0,168000
StoneBr,1088,8,1986,1986,2,1,1,0,0,170000
StoneBr,2090,7,1984,1984,3,2,0,0,0,207500
StoneBr,1179,8,1988,1988,2,2,0,0,0,182000
StoneBr,1321,8,1990,1990,1,1,0,0,0,212000
StoneBr,1922,9,2005,2006,3,2,0,1,0,377426
StoneBr,2541,8,2005,2005,4,3,1,1,0,349265
Gilbert,1424,5,1969,1990,3,1,1,0,0,155000
StoneBr,1612,9,2006,2006,2,2,0,1,0,319900
StoneBr,2234,8,2006,2006,1,1,1,1,0,441929
NWAmes,1440,6,1981,1981,3,2,0,0,0,182900
NWAmes,1479,7,1981,2003,3,2,1,1,0,176000
NWAmes,1664,7,1978,1985,3,2,0,0,0,213000
NWAmes,1930,7,1979,1979,4,2,1,0,0,192000
NWAmes,1969,7,1977,1977,3,2,1,0,0,190000
NWAmes,2030,6,1976,1976,4,2,1,0,0,195000
NWAmes,1032,6,1978,1978,3,2,0,0,0,148000
NWAmes,1177,6,1984,1984,3,2,0,0,0,151500
NWAmes,1725,7,1979,1979,3,2,1,0,0,197000
NWAmes,1353,6,1979,1999,2,2,0,1,0,192350
NWAmes,1620,5,1969,1969,4,2,1,0,1,152000
NWAmes,1220,6,1971,1971,2,2,0,0,0,170000
NWAmes,1484,5,1971,1971,3,2,0,0,0,175000
NWAmes,1743,6,1968,1968,3,1,2,0,0,175000
NWAmes,1935,7,1976,1976,3,2,1,0,0,197900
NWAmes,1324,7,1976,1976,3,2,0,0,0,174000
NWAmes,1877,6,1974,1974,4,2,1,0,0,178900
NAmes,1109,5,1971,2005,3,1,0,1,0,139000
NAmes,981,6,1971,1971,3,1,1,0,0,143250
NAmes,1479,7,1972,2004,4,1,1,1,0,184000
NAmes,1422,5,1970,1990,3,1,0,0,0,155000
NAmes,914,5,1970,2002,3,1,0,1,0,133000
NAmes,950,5,1971,1971,3,1,0,0,0,119500
NAmes,872,4,1971,1971,3,1,0,0,0,123000
NAmes,858,4,1971,1971,2,1,0,0,0,110000
NAmes,914,4,1961,1961,2,1,0,0,0,128000
NAmes,864,4,1971,1971,3,1,0,0,0,120500
NAmes,767,7,1998,1998,1,1,0,1,0,133000
NAmes,1337,6,2001,2001,2,2,0,1,0,155000
NAmes,1337,6,1997,1998,2,2,0,1,0,177000
BrDale,1092,6,1973,1973,3,1,1,0,0,113500
BrDale,1218,6,1973,1973,3,1,1,0,0,113000
BrDale,1218,6,1973,1973,4,1,1,0,0,113700
BrDale,1302,5,1970,1970,3,2,1,0,0,106000
BrDale,1365,5,1971,1971,2,1,1,0,0,122500
NPkVill,958,6,1976,1976,2,2,0,0,0,128000
NPkVill,1548,6,1976,1976,3,2,1,0,0,155000
NPkVill,1055,7,1978,1978,2,2,0,0,0,142500
NAmes,988,5,1966,1966,3,1,0,0,0,129250
NridgHt,2046,10,2005,2006,2,2,1,1,0,450000
NridgHt,2643,9,2006,2006,3,2,1,1,0,380000
NridgHt,1634,8,2006,2006,3,2,0,1,0,250000
NridgHt,2758,9,2005,2006,4,2,1,1,0,418000
NridgHt,2473,8,2004,2005,4,2,1,1,0,317000
NridgHt,1802,9,2006,2006,3,2,1,1,0,372000
NridgHt,2956,8,2004,2004,5,2,1,1,0,342000
NridgHt,2468,8,2004,2004,4,2,1,1,0,354000
NridgHt,2385,8,2003,2003,3,2,1,1,0,350000
NridgHt,2374,8,2003,2004,4,2,1,1,0,285000
NridgHt,1614,7,2005,2006,3,2,0,1,0,245700
NridgHt,1721,8,2005,2005,3,2,0,1,0,232698
NridgHt,1362,6,2005,2006,2,2,0,1,0,194700
NridgHt,1302,6,2005,2006,1,1,1,1,0,200000
NridgHt,1362,6,2005,2006,2,2,0,1,0,207000
NridgHt,1554,8,2006,2006,2,2,0,1,0,209500
NridgHt,1554,8,2006,2006,2,2,0,1,0,209500
NridgHt,1370,8,2006,2006,2,2,0,1,0,202500
NridgHt,1577,9,2005,2005,2,2,0,1,0,280000
NridgHt,1561,9,2005,2005,2,2,0,1,0,277500
NridgHt,1405,7,2003,2003,2,2,0,1,0,200000
Gilbert,1536,6,2005,2006,3,2,1,1,1,176000
Gilbert,1326,6,2005,2005,3,2,0,1,0,203000
Blmngtn,1589,8,2003,2003,2,2,0,1,0,226500
Gilbert,1119,7,2004,2005,2,2,0,1,0,188500
Gilbert,1959,7,2004,2005,4,2,1,1,0,215000
Gilbert,1720,7,2004,2004,3,2,1,1,0,183500
Gilbert,1394,7,2003,2003,3,2,1,1,0,165500
Gilbert,1948,7,2003,2003,4,2,1,1,0,211000
Gilbert,1995,7,2002,2002,4,2,1,1,0,219500
Gilbert,1647,6,1999,2000,3,2,1,1,0,175000
Gilbert,1430,7,2000,2000,3,2,1,1,0,170000
Gilbert,1320,7,2003,2003,3,2,1,1,1,162000
Gilbert,1690,6,2000,2000,3,2,1,1,0,187000
Gilbert,1644,6,1999,2000,3,2,1,1,0,185000
NoRidge,2551,8,1997,1998,4,2,1,1,0,384500
NoRidge,2285,8,2000,2000,4,2,1,1,0,248000
NoRidge,2633,10,2001,2002,2,2,1,1,0,466500
NoRidge,3078,9,1998,1998,4,2,1,1,0,410000
NoRidge,2582,8,1998,1999,4,2,1,1,0,322500
NoRidge,2385,7,1998,1998,4,2,1,1,0,252000
NoRidge,2013,7,1996,1997,3,2,1,1,0,269790
NoRidge,2398,7,1996,1997,3,2,1,1,0,315750
NoRidge,2531,8,1995,1995,4,2,1,1,0,290000
NoRidge,3228,8,1992,1993,4,3,0,0,0,430000
NoRidge,2202,8,1992,1993,4,2,1,0,0,263000
NoRidge,2538,8,1996,1997,4,2,1,1,0,330000
Somerst,1905,9,2006,2006,3,2,0,1,1,320000
Somerst,1464,8,2007,2007,3,2,0,1,1,282922
Somerst,1636,8,2006,2006,3,2,0,1,0,255000
Somerst,1588,8,2006,2006,3,2,0,1,0,227000
Somerst,1538,8,2005,2005,3,2,0,1,0,260000
Somerst,1506,7,2005,2006,3,2,0,1,0,249000
Somerst,1694,8,2004,2005,3,2,0,1,0,307000
Somerst,1830,8,2006,2006,3,2,1,1,0,221300
Somerst,1959,8,2006,2006,3,2,1,1,0,270000
Somerst,1656,8,2006,2006,3,2,0,1,0,249700
Somerst,1685,8,2006,2006,2,2,0,1,0,253000
Somerst,2443,6,2004,2004,4,2,1,1,0,265000
Somerst,2466,8,2004,2005,4,3,0,1,0,340000
SawyerW,1143,7,2006,2006,3,1,1,1,0,147000
SawyerW,1094,5,2003,2004,3,1,0,1,1,149000
SawyerW,1486,7,2006,2006,3,2,0,1,0,181000
SawyerW,1721,6,1994,1994,3,2,1,0,0,201000
SawyerW,1820,6,1993,1997,3,2,1,1,0,191750
SawyerW,1349,7,2000,2001,3,2,0,1,0,179000
SawyerW,1494,7,1998,1998,3,2,0,1,0,215000
SawyerW,1575,6,1992,1992,2,2,0,0,0,179200
SawyerW,1266,6,1980,1980,2,1,1,0,0,128000
SawyerW,884,5,1983,1983,2,1,0,0,0,144000
SawyerW,2020,5,1977,1977,4,2,0,0,1,144000
Sawyer,894,5,1977,1977,2,1,0,0,0,120750
Sawyer,970,5,1963,1963,2,1,0,0,0,132500
Sawyer,1057,5,1962,1962,3,1,0,0,0,132000
Sawyer,999,5,1962,2001,3,1,0,1,0,132500
Sawyer,1120,4,1961,1961,3,1,1,0,1,129000
Sawyer,1696,5,1962,1962,3,1,1,0,1,143900
Sawyer,1040,5,1968,1968,3,1,1,0,0,145000
Sawyer,988,5,1961,1961,3,1,0,0,0,128500
Sawyer,902,5,1967,1967,3,1,0,0,0,125500
Veenker,2503,7,1990,1990,3,2,1,0,0,300000
Veenker,2167,7,1974,2003,3,2,1,1,0,294000
Sawyer,1037,5,1974,1974,2,1,0,0,1,129000
Sawyer,1701,5,1975,1981,3,2,0,0,1,171000
NoRidge,2810,8,1990,1990,4,2,1,0,0,302000
NoRidge,2872,8,1992,2000,4,2,1,1,0,285000
Somerst,1378,8,2004,2004,2,2,0,1,0,214000
Somerst,1501,6,1999,1999,3,2,1,1,0,176500
Somerst,1458,6,1999,1999,2,2,1,1,0,176000
Somerst,1512,6,2000,2000,2,2,1,1,0,168500
Somerst,1573,6,2000,2000,3,2,1,1,0,177000
Somerst,1525,6,2000,2000,3,2,1,1,0,177000
Somerst,1102,7,2004,2004,2,2,1,1,0,148800
Somerst,1441,8,1999,2000,2,2,1,1,0,174000
Somerst,1950,7,1997,1998,3,2,1,1,0,239000
Somerst,1358,7,1999,2000,3,2,0,1,0,204000
Somerst,2048,8,2003,2004,3,2,1,1,0,301000
Somerst,2362,8,1998,1998,3,2,1,1,0,312500
Veenker,1494,8,1994,1995,1,1,1,1,0,279700
Veenker,2362,7,1980,1980,3,2,1,0,0,255000
Veenker,1432,5,1978,1978,2,1,1,0,1,194000
Veenker,1437,5,1976,2004,3,2,0,1,0,218000
Greens,1295,8,1978,1998,1,1,0,1,0,213750
Veenker,1855,6,1976,1994,3,2,1,0,1,187000
Veenker,1262,6,1976,1976,3,2,0,0,1,181500
Veenker,2497,8,1981,1981,2,2,0,0,0,373000
Sawyer,2620,5,1977,1977,4,2,2,0,1,190000
Somerst,1929,7,2001,2001,3,2,1,1,0,226000
NWAmes,1152,6,1968,1968,3,1,1,0,1,143450
NWAmes,2411,6,1970,1970,4,2,1,0,0,240050
NWAmes,1082,6,1969,1969,3,1,0,0,0,162500
NWAmes,1295,6,1968,1968,3,1,1,0,0,164000
NWAmes,1610,7,1972,1987,3,2,0,0,0,185000
NWAmes,1594,7,1993,1993,2,2,0,0,0,188500
NWAmes,2075,7,1993,1993,3,2,1,0,0,255000
NWAmes,1680,5,1976,1976,4,2,0,0,1,136905
NWAmes,1093,6,1966,1966,3,2,0,0,0,158500
NWAmes,1242,7,1973,1973,3,1,1,0,0,175500
NWAmes,1052,6,1963,1963,3,1,0,0,0,127000
NAmes,1107,5,1967,1993,3,1,0,0,0,127000
NAmes,1214,5,1967,1967,3,2,0,0,0,143000
NAmes,1073,5,1965,1965,3,1,1,0,0,156000
NAmes,1344,5,1958,1983,2,1,0,0,0,144000
NAmes,1728,5,1964,1964,6,2,0,0,0,119000
NAmes,1224,4,1964,1964,2,2,0,0,0,103000
NAmes,1422,5,1960,1978,3,1,0,0,0,139900
NAmes,958,6,1960,1998,2,1,0,1,0,151500
NAmes,1065,5,1960,1960,3,1,1,0,0,126500
NAmes,1138,6,1958,1958,3,1,0,0,0,145000
NAmes,912,5,1958,1985,2,1,0,0,0,120000
NAmes,1074,5,1956,1956,2,1,0,0,0,124000
NAmes,882,5,1959,1959,3,1,0,0,0,106500
NAmes,1187,5,1961,1961,2,1,0,0,0,140500
NAmes,964,5,1961,1961,3,1,0,0,0,137500
NAmes,894,5,1960,1960,3,1,0,0,0,117600
NAmes,1200,7,1966,1966,3,2,0,0,0,163500
NAmes,1042,6,1965,1965,3,2,0,0,0,161000
NAmes,1302,6,1964,1991,3,2,0,0,0,158000
NAmes,2154,6,1964,1997,5,2,1,1,0,224500
NAmes,1374,6,1964,1964,3,1,0,0,0,147000
NAmes,1652,6,1959,1991,3,1,1,0,0,200000
NAmes,1429,6,1960,1987,3,1,0,0,0,181900
NAmes,1327,5,1959,2002,3,1,0,1,0,150750
NAmes,1224,4,1962,1962,2,2,0,0,0,101800
NAmes,932,6,1950,1950,2,1,0,0,0,124000
NAmes,908,5,1940,1996,2,1,0,1,0,138500
BrkSide,334,1,1946,1950,1,1,0,0,0,39300
BrkSide,666,3,1946,1950,2,1,0,0,0,64500
BrkSide,670,3,1945,1950,2,1,0,0,1,64000
BrkSide,808,5,1958,2000,2,1,0,1,1,112000
NAmes,1977,6,1964,1978,4,1,1,0,1,165000
NAmes,1150,5,1955,1955,2,1,0,0,0,144000
NAmes,1920,5,1948,1950,4,2,0,0,1,137000
NAmes,1376,5,1941,1950,3,1,0,0,1,105000
NAmes,1644,5,1942,1995,3,1,1,1,1,146500
NAmes,1560,5,1968,1968,4,2,0,0,0,126000
NAmes,1280,5,1966,1966,3,2,0,0,0,175000
NAmes,1254,6,1961,1961,3,1,0,0,0,158500
NAmes,912,5,1958,1958,2,1,0,0,1,114500
NAmes,1524,5,1958,1958,3,1,1,0,1,144000
NAmes,936,6,1957,1999,2,1,0,1,0,141000
NAmes,1008,5,1956,1956,3,1,0,0,0,131000
NAmes,1053,5,1963,1963,3,1,0,0,0,142100
NAmes,1056,5,1958,1992,3,1,0,0,0,139000
NAmes,1442,6,1958,1958,4,1,1,0,0,157900
NAmes,1056,5,1954,2005,3,1,0,1,0,139400
NAmes,1244,6,1957,1957,3,1,1,0,1,150000
NAmes,1144,5,1960,1960,3,1,0,0,0,120000
NAmes,1721,6,1957,1969,4,1,0,0,1,174850
NAmes,922,5,1957,1957,2,1,0,0,0,116000
NAmes,1048,5,1956,1956,3,1,0,0,0,135000
NAmes,1657,6,1970,1970,3,2,0,0,0,163500
NAmes,1411,5,1955,1975,3,1,0,0,0,130000
NAmes,1216,5,1955,1955,3,1,0,0,0,129500
NAmes,1154,5,1953,2006,3,1,1,1,0,142000
NAmes,1560,5,1958,1958,4,2,0,0,0,128600
NAmes,948,6,1952,1952,2,1,0,0,0,125000
NAmes,1040,6,1953,1953,3,1,0,0,0,136000
NAmes,1008,5,1953,2006,2,1,0,1,0,134500
NAmes,925,5,1956,2003,3,1,0,1,0,127000
NAmes,1360,5,1955,1955,3,1,0,0,0,130000
NAmes,1540,4,1955,1955,4,1,0,0,0,115000
NAmes,925,5,1955,1955,3,1,0,0,0,116900
NAmes,928,5,1956,2000,2,1,0,1,0,132000
NAmes,1647,4,1953,1953,3,1,0,0,0,153000
OldTown,924,5,1952,1952,2,1,0,0,1,112500
OldTown,1544,4,1890,2006,3,2,0,1,1,138000
NAmes,893,5,1949,2003,2,1,0,1,0,135000
NAmes,1728,5,1953,2004,3,1,0,1,0,156000
OldTown,1034,5,1940,1950,2,1,0,0,0,109000
OldTown,882,4,1956,1956,1,1,0,0,0,103200
OldTown,968,4,1927,2007,4,2,0,1,0,64500
OldTown,1534,5,1895,1999,3,1,1,1,0,148000
NAmes,1651,7,1963,1999,4,2,0,1,0,172000
NAmes,952,6,1968,1968,3,1,0,0,0,128500
NAmes,924,5,1949,2006,3,1,0,1,1,122900
NAmes,1082,6,1948,1950,2,1,0,0,1,119200
NAmes,1846,6,1949,1950,3,2,0,0,1,143000
NAmes,988,5,1950,1950,3,1,0,0,0,119000
NAmes,1238,5,1950,1950,3,1,1,0,0,102000
NAmes,864,5,1950,2002,3,1,0,1,0,129000
NAmes,1040,5,1959,2003,3,1,0,1,0,152000
NAmes,1170,5,1958,1958,3,1,0,0,0,140000
NAmes,1377,5,1960,1960,3,1,0,0,0,156500
NAmes,1800,5,1961,1961,6,2,0,0,1,141000
NAmes,925,5,1961,1961,3,1,0,0,1,99000
NAmes,1851,6,1964,1993,3,2,1,0,0,187000
NAmes,1812,5,1962,1962,4,2,0,0,0,169500
NAmes,864,5,1962,1962,2,1,0,0,0,125500
NAmes,936,5,1962,1962,3,1,0,0,0,130000
OldTown,960,5,1926,1980,2,1,0,0,1,103000
OldTown,1296,6,1927,1950,3,1,0,0,0,127500
OldTown,1022,5,1922,1950,2,1,0,0,1,89500
OldTown,936,5,1980,1980,2,1,0,0,0,140000
OldTown,967,5,1920,1990,2,1,0,0,0,99900
OldTown,1047,4,1885,1995,2,1,0,1,0,100000
OldTown,1072,5,1940,1950,2,1,0,0,0,130000
OldTown,1174,5,1900,2006,2,1,0,1,0,135000
OldTown,1183,3,1948,2002,2,1,1,1,0,120000
OldTown,1141,4,1900,1950,3,1,0,0,0,85000
OldTown,960,4,1920,1950,2,1,0,0,0,108500
OldTown,1798,4,1900,1950,4,2,1,0,1,137000
OldTown,866,5,1945,1997,2,1,0,1,0,110500
OldTown,968,5,1923,2006,2,1,0,1,0,100000
OldTown,1772,8,1910,1999,3,2,1,1,0,184900
OldTown,1472,5,1925,1994,3,1,0,0,0,125000
OldTown,1232,5,1910,1950,3,1,0,0,0,114000
OldTown,2337,5,1900,1950,5,2,0,0,0,90000
OldTown,1650,6,1910,1990,3,2,0,0,0,144100
OldTown,2210,6,1880,1950,5,2,0,0,0,117500
OldTown,2454,7,1879,1987,3,2,0,0,0,185000
OldTown,2291,6,1910,1998,4,2,0,1,0,133900
OldTown,1616,6,1926,2004,3,2,0,1,0,152000
OldTown,1559,5,1948,1973,2,1,0,0,0,153500
OldTown,2554,7,1890,1998,3,1,1,1,0,159500
OldTown,1248,5,1930,1950,2,1,0,0,0,87000
OldTown,968,4,1956,1956,2,1,0,0,0,104500
OldTown,1382,4,1949,2002,1,2,0,1,0,110000
BrkSide,1060,5,1925,1994,1,1,0,0,0,136500
BrkSide,1435,5,1950,1950,3,1,0,0,1,128250
BrkSide,1167,5,1920,1950,3,1,0,0,0,144000
BrkSide,1635,6,1923,1950,3,1,1,0,0,210000
BrkSide,1274,5,1939,1998,3,2,0,1,0,135000
BrkSide,1232,6,1939,1950,3,1,1,0,0,128000
BrkSide,1218,6,1941,1950,3,1,0,0,0,131000
BrkSide,884,5,1939,1950,2,1,0,0,0,113000
BrkSide,1409,6,1938,1950,3,1,1,0,0,126000
BrkSide,1322,5,1939,1952,4,1,0,0,0,132000
BrkSide,1426,5,1930,1992,3,1,0,0,0,131750
BrkSide,1281,5,1926,1950,2,1,0,0,0,132500
BrkSide,1513,5,1920,2004,4,1,1,1,0,137500
BrkSide,854,7,1929,2001,2,1,0,1,0,132000
BrkSide,1367,6,1931,1950,3,1,0,0,0,127500
BrkSide,986,6,1926,1950,2,1,0,0,0,102000
OldTown,2264,6,1918,1995,4,2,1,1,0,200000
BrkSide,1824,6,1919,1950,3,1,0,0,0,180500
BrkSide,1376,6,1920,1950,3,1,0,0,0,165000
BrkSide,1396,6,1915,2003,3,1,0,1,1,153575
OldTown,1344,7,1929,1990,3,1,1,0,1,140000
IDOTRR,1818,7,1931,1950,4,1,1,0,0,169500
IDOTRR,1108,7,1930,1950,3,1,0,0,0,139400
IDOTRR,2294,6,1963,1963,5,3,0,0,0,202500
IDOTRR,1355,6,1914,2006,3,1,1,1,0,127000
IDOTRR,1375,6,1937,1950,3,1,1,0,0,141000
IDOTRR,1952,7,1950,2005,4,1,1,1,0,212300
IDOTRR,2180,6,1915,1950,3,1,1,0,0,161000
IDOTRR,1111,5,1920,1996,3,1,0,1,0,101000
IDOTRR,1196,4,1916,1990,2,1,0,0,0,109900
OldTown,1382,5,1941,1950,2,1,1,0,1,128500
OldTown,1889,7,1910,1950,4,1,1,0,1,122000
OldTown,840,5,1930,1950,3,1,0,0,1,87000
Sawyer,2267,7,1937,1980,3,1,1,0,1,219000
ClearCr,3086,5,1946,1994,3,3,0,0,0,200500
SWISU,1282,5,1942,1979,2,1,0,0,0,108500
Sawyer,999,5,1963,1963,3,1,0,0,0,130000
Sawyer,1452,5,1964,1980,2,1,0,0,0,158450
Sawyer,1005,4,1964,1964,3,1,0,0,1,115400
Sawyer,1029,4,1961,1961,3,1,0,0,1,118500
Sawyer,1020,5,1964,2001,3,2,0,1,0,165000
Sawyer,1040,5,1966,1966,3,1,0,0,0,123000
Sawyer,913,6,1966,1966,3,1,0,0,0,129000
Sawyer,894,5,1966,1966,3,1,0,0,0,125000
Sawyer,868,5,1971,1990,2,1,0,0,1,119900
Sawyer,897,5,1968,1968,3,1,0,0,0,115000
Sawyer,943,5,1967,1967,2,1,0,0,0,134500
Sawyer,955,5,1966,1966,3,1,0,0,0,127000
Sawyer,894,5,1968,1968,3,1,0,0,0,129000
Sawyer,1285,6,1977,1977,3,1,1,0,0,143500
Sawyer,912,5,1966,1966,3,1,0,0,1,129000
Sawyer,1375,5,1956,1998,3,1,0,1,0,187000
Sawyer,2654,5,1920,1996,4,3,0,1,1,158000
Sawyer,1416,5,1918,2007,3,2,0,1,0,112000
Sawyer,1302,7,1940,1998,2,1,1,1,0,165250
Sawyer,1299,6,1954,1995,3,1,0,1,0,150000
Sawyer,1176,5,1958,1998,3,1,0,1,1,137000
Sawyer,998,4,1945,1950,3,1,0,0,0,89500
ClearCr,1824,7,1971,2002,2,2,0,1,0,302000
ClearCr,1522,6,1984,1984,3,2,0,0,0,182000
ClearCr,2060,6,1988,1989,4,2,1,0,0,211000
Edwards,1325,5,1948,2005,3,2,0,1,0,216000
Edwards,1630,5,1953,1953,3,2,0,0,0,130000
Edwards,1242,4,1946,1950,2,1,0,0,1,109900
ClearCr,2422,6,1954,1994,4,3,0,0,0,255000
Edwards,2158,6,1950,2001,4,2,0,1,0,243000
Edwards,1626,6,1954,1954,3,1,1,0,0,154000
SWISU,864,5,1958,1958,3,1,0,0,0,118000
Edwards,943,4,1958,1994,3,1,0,0,0,80000
Edwards,605,4,1920,2002,2,1,0,1,0,86000
Edwards,1038,5,1984,1984,2,2,0,0,0,130000
Edwards,1342,5,1951,1951,4,1,0,0,0,125000
Edwards,1480,5,1951,1994,4,1,0,0,0,136500
Edwards,1362,4,1920,1950,4,2,0,0,0,96000
Edwards,1340,5,1957,2006,3,1,0,1,1,120000
SawyerW,1822,6,1984,1984,4,2,0,0,1,228500
SawyerW,1442,7,1990,1991,3,2,0,0,1,179900
SawyerW,2243,7,1990,1991,4,2,1,0,1,225000
SawyerW,2730,7,1986,1987,4,2,1,0,0,301000
SawyerW,2127,7,1991,1991,4,2,1,0,0,238000
SawyerW,1982,7,1989,1989,3,2,1,0,0,228500
SawyerW,1958,7,1994,2001,3,2,1,1,0,220000
CollgCr,1240,7,2006,2006,2,2,0,1,0,194000
CollgCr,1546,7,2005,2006,3,2,0,1,0,217000
CollgCr,1500,8,2006,2006,3,2,0,1,0,212999
CollgCr,1270,7,2005,2006,2,2,0,1,0,175900
CollgCr,1795,7,2005,2006,3,2,1,1,0,191000
CollgCr,1314,6,2006,2006,3,2,0,1,0,176432
SawyerW,2062,7,1988,1989,3,2,1,0,0,277000
SawyerW,1873,7,1988,1988,3,2,1,0,0,207000
ClearCr,2144,6,1958,2006,4,2,0,1,0,277000
ClearCr,1953,6,1992,1992,3,2,1,0,1,240000
ClearCr,2087,6,1966,2007,5,2,1,1,0,187500
ClearCr,1743,8,1976,1976,0,0,1,0,0,279000
CollgCr,1022,5,1994,1994,3,1,0,0,0,139500
CollgCr,990,5,1994,1994,3,1,0,0,0,126000
CollgCr,1200,6,1995,1995,3,2,0,1,0,177500
CollgCr,1308,6,1997,2006,3,2,1,1,0,175000
CollgCr,1796,6,1998,1998,3,2,1,1,0,211000
CollgCr,990,5,1994,1994,3,1,0,0,0,146000
CollgCr,1097,5,1996,1996,3,1,1,1,0,147900
CollgCr,990,4,1994,1995,3,1,0,1,0,123600
CollgCr,1786,6,1997,1997,3,2,1,1,0,204750
CollgCr,1873,7,1999,1999,3,2,1,1,0,235500
CollgCr,1753,7,1998,1999,3,2,1,1,0,217000
CollgCr,1690,7,2001,2001,3,2,1,1,0,190550
CollgCr,1842,7,2000,2000,3,2,1,1,0,217500
CollgCr,1479,7,2003,2003,3,2,0,1,0,226000
CollgCr,1668,7,2003,2003,3,2,1,1,0,180000
CollgCr,1025,5,1976,1976,3,2,0,0,0,153500
CollgCr,1009,5,1977,1977,3,2,0,0,0,160000
CollgCr,1040,5,1977,1977,3,1,1,0,0,134900
CollgCr,907,5,1977,1977,3,1,0,0,0,130000
CollgCr,879,5,1975,1975,3,1,0,0,0,120000
CollgCr,882,5,1972,1972,3,1,0,0,0,112500
CollgCr,969,5,1975,1975,3,1,1,0,0,122000
CollgCr,864,5,1972,2000,3,1,0,1,0,127000
CollgCr,875,4,1972,2006,3,1,0,1,0,117000
CollgCr,2000,8,2004,2005,3,2,0,1,0,305900
CollgCr,2169,8,2002,2002,3,2,1,1,0,228500
CollgCr,1673,7,2000,2000,3,2,0,1,0,270000
CollgCr,1459,7,2002,2002,3,2,0,1,0,192000
CollgCr,1932,7,2003,2003,3,2,1,1,0,213000
CollgCr,1729,7,2002,2002,3,2,1,1,0,200000
CollgCr,2452,8,1998,1999,4,2,1,1,0,267000
CollgCr,1592,8,1994,1995,3,2,0,1,0,228000
CollgCr,2439,8,2001,2001,4,2,1,1,0,275000
CollgCr,1992,7,1996,2002,3,2,1,1,0,211000
CollgCr,1668,9,2002,2002,3,2,0,1,0,285000
CollgCr,2090,8,1995,1996,3,2,1,1,0,240000
CollgCr,848,6,2003,2003,1,1,0,1,0,131500
CollgCr,1341,8,1999,2000,1,1,1,1,0,246900
CollgCr,1928,7,2003,2004,4,2,1,1,0,219500
CollgCr,1337,7,2003,2003,3,2,0,1,0,185000
CollgCr,1797,7,2006,2006,3,2,1,1,0,213500
CollgCr,1422,7,2004,2004,3,2,0,1,0,179600
CollgCr,1190,7,2005,2005,2,2,0,1,0,173500
CollgCr,1491,7,2006,2006,3,2,1,1,0,168675
CollgCr,1536,5,2005,2005,3,2,1,1,0,167000
Edwards,1214,5,1965,1965,2,1,0,0,1,140000
Edwards,1088,4,1963,1963,2,1,0,0,0,110000
Edwards,960,4,1965,1965,3,1,0,0,0,94750
Edwards,1351,5,1925,1950,3,1,0,0,0,122000
Edwards,1179,6,1960,1960,2,1,0,0,0,110000
Edwards,816,6,1990,1990,3,1,0,0,0,118500
Edwards,1044,6,1976,1976,3,1,0,0,0,133500
Edwards,1113,6,1976,1976,3,1,1,0,0,148000
Edwards,2233,5,1979,1979,5,2,1,0,0,141000
Edwards,1090,5,2005,2006,2,1,1,1,0,157000
Edwards,1408,5,2005,2006,3,2,1,1,0,171500
Edwards,1072,6,2005,2005,2,1,0,1,0,140000
Edwards,960,5,1959,2000,2,1,0,1,0,131750
Edwards,1152,4,1955,1955,2,2,0,0,0,61500
Edwards,948,4,1954,1954,3,1,0,0,0,111000
Edwards,774,3,1931,2006,3,1,0,1,0,79000
Edwards,865,6,1920,1995,2,1,0,1,0,108500
Edwards,1346,4,1910,2000,2,1,1,1,0,112000
Edwards,768,4,1955,1955,2,1,0,0,0,125000
Edwards,948,4,1954,1954,3,1,0,0,0,119000
Crawfor,1502,6,1923,1996,3,1,1,1,0,165000
Crawfor,789,5,1926,1950,2,1,0,0,0,96500
Crawfor,1422,5,1926,1950,3,1,0,0,0,136500
Crawfor,1298,6,1921,2005,2,2,0,1,0,146500
SWISU,1768,5,1937,1950,3,1,1,0,1,175000
Crawfor,1098,7,1930,1995,2,1,0,1,0,148500
Crawfor,1436,6,1921,1950,3,1,0,0,0,141500
Crawfor,1426,7,1918,1998,3,1,1,1,0,189950
Crawfor,1461,6,1926,1991,3,1,0,0,0,135000
Crawfor,1646,7,1941,1950,4,2,0,0,0,164000
Crawfor,694,5,1913,2002,2,1,0,1,0,90350
Crawfor,1250,5,1910,2003,3,2,0,1,0,139000
Crawfor,954,5,1938,1950,2,1,0,0,0,119750
Crawfor,1958,6,1946,1950,4,2,0,0,0,145000
Crawfor,2002,5,1949,1950,4,2,0,0,0,145000
Crawfor,1718,7,1927,1992,4,2,1,0,0,238000
Crawfor,1226,5,1951,1951,2,1,1,0,0,153500
Crawfor,2624,6,1918,1950,4,2,1,0,1,239000
Crawfor,1755,4,1930,2003,4,2,0,1,0,188000
Crawfor,1991,6,1932,1950,3,1,1,0,0,220000
Crawfor,1355,5,1941,1950,3,2,0,0,0,140000
Crawfor,2727,8,1932,1994,3,2,1,0,0,315000
Crawfor,2320,6,1945,2002,3,2,1,1,0,259500
Crawfor,1839,6,1957,2004,3,2,0,1,0,257500
Crawfor,1740,7,1940,1984,3,1,1,0,0,219500
Crawfor,1560,6,1960,1960,3,1,1,0,0,201000
Crawfor,1488,6,1968,1968,3,2,0,0,0,215000
Blueste,1045,6,1980,1980,2,1,0,0,0,123900
Crawfor,1680,4,1995,1996,4,2,0,1,0,170000
Blueste,1020,8,1988,1988,1,1,0,0,0,200000
Crawfor,1696,7,1971,1971,3,2,0,0,0,198000
Crawfor,2726,8,1986,1986,2,2,1,0,0,315000
IDOTRR,1517,5,1919,2005,3,2,0,1,1,115000
IDOTRR,1215,6,1940,1950,3,1,0,0,0,141000
IDOTRR,803,5,1941,1950,2,1,0,0,1,87000
IDOTRR,1601,5,1925,2003,3,2,0,1,1,129850
IDOTRR,1123,4,1939,1950,3,1,0,0,0,100000
IDOTRR,816,5,1922,1950,2,1,0,0,1,75200
IDOTRR,1012,6,1920,1950,2,1,0,0,0,118400
IDOTRR,1558,5,1950,1950,4,1,1,0,0,152000
IDOTRR,845,2,1939,1950,1,1,0,0,0,68104
IDOTRR,1991,5,1895,2006,4,2,0,1,1,119600
IDOTRR,1001,5,1930,2007,2,1,0,1,0,124900
Mitchel,1299,6,1979,1979,2,2,0,0,0,183500
Mitchel,912,6,1978,1978,2,1,0,0,0,156000
Mitchel,1080,6,1983,1983,3,1,1,0,0,134000
Mitchel,1392,5,2002,2002,3,2,0,1,0,215000
Mitchel,1409,7,2002,2002,1,1,1,1,0,245000
Mitchel,1478,7,1991,1992,3,2,0,0,0,210000
Mitchel,918,7,1975,1975,3,1,0,0,0,148000
Mitchel,1026,6,1974,1974,2,1,0,0,0,143000
Timber,1501,7,1987,1987,2,2,0,0,0,244000
GrnHill,1502,7,1998,1998,1,1,1,1,0,330000
Timber,1328,5,1959,1959,2,1,1,0,0,170000
Timber,2279,6,1958,1995,4,2,1,1,0,257000
Timber,1484,8,2006,2006,2,2,0,1,0,265900
Timber,1240,7,1985,1985,3,2,0,0,0,174000
Timber,1717,7,1990,1991,3,2,1,0,0,187500
Timber,1756,6,1996,1997,3,2,1,1,0,204000
Timber,1312,8,2001,2001,2,2,0,1,0,180500
Timber,1146,7,2003,2003,3,2,0,1,0,187500
Timber,1922,8,2002,2002,2,2,0,1,0,282000
Timber,1491,6,1996,1996,3,2,0,1,0,178000
Timber,1629,8,2002,2003,3,2,0,1,0,270000
Timber,2486,7,2003,2004,5,3,1,1,0,279900
Timber,1572,5,1963,1963,3,1,1,0,0,186700
Timber,2482,8,2005,2006,4,2,1,1,0,281213
Mitchel,2034,3,1953,1953,2,1,0,0,1,130000
Mitchel,936,6,1996,1997,0,0,1,1,0,140000
Mitchel,1040,4,1963,1963,3,1,0,0,0,132250
Mitchel,1632,5,1967,1967,4,2,0,0,0,143000
Mitchel,1622,4,1961,1975,3,1,0,0,0,168000
MeadowV,1060,5,1976,1976,3,1,0,0,0,129900
MeadowV,1142,5,1976,1976,3,1,1,0,0,134000
MeadowV,1092,4,1972,1972,3,1,1,0,0,85500
MeadowV,992,4,1970,1970,2,1,0,0,0,106500
MeadowV,1092,4,1970,1970,3,1,1,0,0,93900
MeadowV,1092,4,1970,1970,3,1,1,0,0,75000
MeadowV,630,4,1970,1970,1,1,0,0,0,84500
MeadowV,1092,4,1976,1976,3,1,1,0,0,75190
Mitchel,1062,6,1976,1976,3,1,0,0,0,146800
Mitchel,1008,5,1977,1977,1,1,0,0,0,153500
Mitchel,1356,6,1977,1977,3,2,0,0,0,188000
Mitchel,1676,5,1977,1994,3,1,1,0,0,196000
Mitchel,1432,5,1977,1977,3,1,1,0,0,157000
Mitchel,796,5,1971,1971,2,1,0,0,0,138000
Mitchel,768,5,1970,1970,2,1,0,0,0,129500
Mitchel,845,4,1982,2006,2,1,0,1,0,129500
Mitchel,1178,5,1976,2003,3,1,1,1,0,135000
Mitchel,816,5,1982,1982,2,1,0,0,0,124500
Mitchel,816,5,1983,1983,2,1,0,0,0,139000
Mitchel,887,5,1984,1984,3,1,0,0,0,124500
NAmes,1293,6,1954,1954,2,2,0,0,0,149900
NAmes,1024,6,1956,1956,2,1,0,0,0,157500
NAmes,1797,5,1957,1957,3,1,1,0,0,169000
NAmes,1851,7,1969,1969,3,2,0,0,0,192100
Gilbert,1525,6,1997,1998,3,2,1,1,0,183500
Gilbert,2236,7,1997,1997,4,2,1,1,0,222000
Gilbert,1671,6,1995,1995,3,2,1,1,0,170000
Gilbert,1498,6,1995,1996,3,2,1,1,0,187500
Gilbert,1776,6,1996,1996,3,2,1,1,0,202000
Gilbert,1511,6,1997,1997,3,2,1,1,0,185000
Gilbert,2064,8,2005,2005,4,2,1,1,0,250000
Gilbert,1801,8,2005,2005,3,2,1,1,0,239900
StoneBr,2687,8,1994,1994,4,2,1,0,0,270000
Gilbert,1169,6,1993,1994,3,2,0,0,0,183500
Gilbert,1501,6,1993,1994,3,2,1,0,0,165600
Gilbert,1632,7,1998,1998,3,2,1,1,0,176500
StoneBr,1204,8,1987,1987,2,2,0,0,0,130000
StoneBr,1767,7,1987,1987,2,2,0,0,0,239000
StoneBr,1742,8,1985,1985,2,2,0,0,0,275000
Gilbert,2320,5,1948,1950,2,2,0,0,1,169000
Gilbert,1056,5,1955,1955,3,1,0,0,0,145000
StoneBr,1714,9,2005,2005,2,2,0,1,0,318000
StoneBr,2000,9,2005,2005,3,2,1,1,0,470000
NWAmes,1621,7,1984,1998,3,2,0,1,0,202500
NWAmes,2183,7,1988,1988,4,2,1,0,0,229000
NWAmes,2263,7,1977,1994,3,2,1,0,0,235000
NWAmes,1574,6,1976,1976,3,2,1,0,0,190000
NWAmes,1102,6,1980,1980,2,1,0,0,0,169000
NWAmes,1872,7,1988,1988,3,2,0,0,0,241500
NWAmes,1857,7,1978,1978,4,2,1,0,0,188900
NWAmes,1686,6,1980,1980,3,2,0,0,0,207500
NWAmes,2784,7,1978,1978,5,3,1,0,1,250000
NWAmes,1552,6,1975,1975,3,2,1,0,1,179900
NWAmes,1083,7,1976,1976,2,1,0,0,0,172000
NWAmes,1875,6,1975,2000,3,3,0,1,0,184500
NWAmes,1074,5,1975,1975,3,1,1,0,0,153500
NWAmes,1664,7,1976,1976,4,2,1,0,0,162900
NWAmes,1309,6,1974,1999,3,1,1,1,0,181000
NWAmes,1103,6,1974,1974,3,2,0,0,0,155000
NAmes,858,4,1971,1971,3,1,0,0,0,88000
NAmes,874,4,1971,1971,3,1,0,0,0,97500
NAmes,1419,6,2002,2002,2,2,0,1,0,190000
BrDale,1092,6,1973,1973,3,1,1,0,0,105500
BrDale,1365,5,1973,1973,3,1,1,0,0,125500
BrDale,987,6,1973,1973,2,1,1,0,0,83000
BrDale,1030,6,1972,1972,3,1,1,0,0,116000
BrDale,1218,6,1972,1972,3,1,1,0,0,118000
BrDale,948,6,1972,1972,2,1,1,0,0,89000
BrDale,1092,6,1972,1972,3,1,1,0,0,108000
BrDale,987,6,1972,1972,2,1,1,0,0,94500
NPkVill,1069,6,1975,1975,2,2,0,0,0,146300
NAmes,1387,5,1967,1975,3,1,0,0,0,145000
NAmes,900,5,1967,1967,3,1,0,0,0,123000
NPkVill,1055,7,1976,1976,2,2,0,0,0,137500
NPkVill,1456,6,1976,1976,3,2,1,0,0,144000
NridgHt,1980,9,2004,2005,3,2,0,1,0,315000
NridgHt,1618,8,2004,2004,2,2,0,1,0,252000
NridgHt,1868,9,2005,2005,2,2,0,1,0,415000
NridgHt,1850,9,2004,2005,3,2,0,1,0,326000
NridgHt,2452,8,2004,2005,4,3,1,1,0,309000
NridgHt,2098,8,2005,2005,3,2,1,1,0,275500
NridgHt,1944,9,2003,2004,3,2,0,1,0,360000
NridgHt,1780,9,2004,2005,2,2,0,1,0,378000
NridgHt,1792,9,2003,2004,2,2,0,1,0,374000
NridgHt,1904,8,2005,2005,3,2,1,1,0,275000
NridgHt,1914,8,2004,2004,3,2,1,1,0,279000
NridgHt,1364,7,2005,2005,2,2,0,1,0,185850
NridgHt,1565,9,2005,2005,2,2,0,1,0,282500
NridgHt,1405,7,2003,2003,2,2,0,1,0,171750
Blmngtn,1557,7,2003,2004,2,2,0,1,0,234000
Blmngtn,1456,8,2003,2003,2,2,0,1,0,215000
Blmngtn,1511,7,2002,2002,2,2,0,1,0,246990
Blmngtn,1414,7,2004,2004,2,2,0,1,0,178740
Blmngtn,1548,7,2004,2004,2,2,0,1,0,225000
Blmngtn,1506,7,2005,2005,2,2,0,1,0,213490
Gilbert,1838,5,2005,2005,4,2,1,1,1,192140
Gilbert,1509,6,2002,2003,3,2,1,1,0,183200
Gilbert,1414,8,2004,2004,3,2,1,1,0,178000
Gilbert,1598,7,2004,2005,3,2,1,1,0,201490
Gilbert,1936,8,2000,2000,3,2,1,1,0,230500
Gilbert,1509,7,2003,2003,3,2,1,1,0,180000
Gilbert,1664,6,2000,2000,3,2,1,1,0,172400
Gilbert,1889,6,2000,2000,3,2,1,1,0,215000
Gilbert,1886,7,1998,1999,4,2,1,1,0,199900
Gilbert,1671,6,2000,2000,3,2,1,1,1,173000
Gilbert,2291,7,1999,1999,4,2,1,1,0,230000
NoRidge,2392,8,1997,1998,3,2,1,1,0,348000
NoRidge,1976,8,1998,1998,3,2,1,1,0,286000
NoRidge,2234,8,2000,2000,3,2,1,1,0,300000
NoRidge,3627,10,1995,1996,4,3,1,1,0,625000
NoRidge,2855,9,2000,2000,4,2,1,1,0,405000
NoRidge,1924,8,1998,1998,3,2,1,1,0,280000
NoRidge,2726,8,1995,1995,4,2,1,1,0,350000
NoRidge,3500,9,1993,1994,4,3,1,0,0,584500
NoRidge,2494,8,1994,1995,4,2,1,1,0,321000
NoRidge,2526,8,1994,1994,4,2,1,0,0,290000
NoRidge,2799,8,1993,1993,3,2,1,0,0,315000
Somerst,1616,7,2005,2005,3,2,0,1,0,232000
Somerst,1716,6,2005,2005,3,2,1,1,0,200825
Somerst,1266,7,2005,2005,3,2,0,1,0,176000
SawyerW,1142,6,2005,2005,3,1,1,1,0,139500
SawyerW,1686,7,2005,2005,3,2,1,1,0,184000
SawyerW,1585,7,2005,2005,3,2,1,1,0,184900
SawyerW,1837,6,1997,1998,3,2,1,1,0,187000
SawyerW,1603,6,1992,1992,3,2,1,0,0,175900
SawyerW,1398,6,1990,1991,2,2,0,0,0,172000
SawyerW,1217,6,1991,1991,2,2,0,0,0,151000
SawyerW,1320,6,1994,1994,3,2,1,0,1,150000
SawyerW,1056,4,1966,1966,2,1,0,0,0,107000
Sawyer,988,5,1962,1962,3,1,0,0,1,129500
Sawyer,1654,6,1977,1977,4,2,0,0,1,119500
Sawyer,1211,5,1962,2002,2,1,0,1,0,144000
Sawyer,1212,6,1977,1995,3,1,0,1,0,151000
Sawyer,984,5,1965,1965,3,1,0,0,1,126000
Sawyer,909,5,1968,1968,3,1,0,0,1,116000
Sawyer,925,5,1963,1963,2,1,0,0,1,133500
Sawyer,1024,5,1965,1965,3,1,1,0,0,120875
Sawyer,935,5,1965,1965,3,1,0,0,0,137000
Sawyer,912,5,1964,1964,3,1,0,0,0,124000
Sawyer,1236,5,1961,1994,3,1,0,0,1,135000
Sawyer,941,5,1967,1967,3,1,0,0,0,129200
Veenker,2646,7,1974,1974,3,2,0,0,0,260000
NoRidge,2417,8,1991,1992,4,2,1,0,0,260000
NoRidge,2826,8,1992,1993,3,2,1,0,0,334000
NoRidge,2295,7,1992,2000,4,2,1,1,0,268000
NoRidge,1624,8,1994,1995,2,2,0,1,0,262000
Somerst,1143,7,2004,2004,1,1,1,1,0,176400
Somerst,1247,8,2005,2005,1,1,1,1,0,197000
Somerst,1200,7,2005,2005,2,2,1,1,0,151000
Somerst,1223,7,2005,2005,2,2,1,1,0,147400
Somerst,1223,7,2005,2005,2,2,1,1,0,149900
Somerst,1524,6,2000,2000,2,2,1,1,0,166000
Somerst,1452,7,1999,1999,3,2,1,1,0,183900
Somerst,1382,7,2000,2000,3,2,1,1,0,165000
Somerst,1080,7,2003,2003,2,2,1,1,0,139000
Somerst,1694,7,1997,1998,3,2,1,1,0,200000
Somerst,1568,8,2001,2002,3,2,0,1,0,221000
Veenker,1494,8,1995,1996,2,1,1,1,0,270000
Veenker,1208,6,1977,1977,3,1,1,0,0,165000
Greens,1235,8,1980,1980,1,1,0,0,0,214000
Greens,1036,8,1980,1980,1,1,0,0,0,188000
Greens,1226,8,1980,1980,1,1,0,0,0,190000
Greens,1226,8,1978,1978,1,1,0,0,0,170000
Veenker,1842,9,1981,1987,0,0,1,0,0,385000
NWAmes,1193,5,1972,1972,2,2,0,0,1,146500
NWAmes,1920,7,1968,1992,4,3,0,0,0,170000
NWAmes,2156,7,1968,2003,3,2,0,1,0,262500
NWAmes,1416,6,1968,1968,3,2,1,0,0,179900
NWAmes,2654,6,1968,1984,4,2,1,0,0,250000
NWAmes,1790,6,1972,1972,4,1,2,0,0,165150
NWAmes,1334,7,1967,1967,3,2,0,0,1,164500
NWAmes,1164,7,1969,1969,3,1,1,0,0,140000
NAmes,980,5,1967,1967,3,2,0,0,0,135500
NAmes,1051,5,1968,1968,3,1,0,0,1,142000
NAmes,1770,5,1968,1968,4,1,1,0,1,155000
NAmes,1052,5,1968,1968,3,1,1,0,1,138500
NAmes,898,5,1968,1968,3,1,0,0,1,140000
NAmes,1051,5,1966,1966,3,1,0,0,0,124400
NAmes,1141,5,1967,1967,3,1,0,0,0,158000
NAmes,1200,5,1965,1998,1,1,1,1,1,146000
NWAmes,1993,6,1971,1971,4,2,1,0,0,190000
NAmes,1050,5,1961,1961,3,1,0,0,0,136500
NAmes,864,5,1958,1958,3,1,0,0,1,129900
NAmes,1251,6,1964,1964,3,1,0,0,0,160000
NAmes,1488,6,1964,1964,3,1,1,0,0,167000
NAmes,1440,5,1964,1964,4,1,1,0,0,157500
NAmes,1095,6,1958,1958,2,1,0,0,0,140000
NAmes,1248,5,1960,1960,3,1,0,0,0,151500
NAmes,816,6,1934,1950,2,1,0,0,0,129800
NAmes,1008,5,1954,1954,2,1,0,0,0,137000
NAmes,1043,5,1947,1950,2,1,0,0,0,137000
BrkSide,869,4,1923,1958,2,1,0,0,0,85500
BrkSide,747,4,1926,1953,1,1,0,0,0,79900
BrkSide,1252,5,1908,1991,3,1,0,0,1,127000
NAmes,1433,5,1961,1990,3,1,0,0,0,161000
NAmes,1216,5,1951,1951,3,1,0,0,0,135000
NAmes,2136,5,1951,1951,4,2,0,0,0,137900
NAmes,1578,6,1941,1950,3,1,0,0,1,133000
NAmes,1728,5,1949,1973,3,1,1,0,0,137000
NAmes,936,5,1954,1975,2,1,0,0,0,121000
NAmes,1584,5,1967,1967,4,2,0,0,0,119000
NAmes,1246,6,1964,1964,3,1,0,0,0,172000
NAmes,2157,7,1966,1966,4,2,1,0,0,226000
NAmes,1008,6,1963,1963,2,1,0,0,0,135000
NAmes,1190,5,1962,1962,3,1,0,0,0,132500
NAmes,1144,5,1959,1959,3,1,0,0,0,143000
NAmes,1364,5,1957,1957,3,1,1,0,1,132000
NAmes,1383,6,1960,1960,3,1,1,0,0,145250
NAmes,1336,6,1958,1958,3,1,1,0,1,162000
NAmes,1370,5,1956,1956,3,1,0,0,0,148000
NAmes,1092,5,1957,1957,2,1,0,0,0,141000
NAmes,1124,6,1956,1994,3,1,0,0,0,153000
NAmes,1236,5,1957,1996,2,1,0,1,0,134450
NAmes,943,5,1979,1979,2,1,0,0,0,135960
NAmes,1375,6,1954,1954,2,1,0,0,0,140000
NAmes,1008,5,1952,2003,2,1,0,1,0,139500
NAmes,1575,6,1951,1951,2,1,1,0,0,155000
NAmes,1145,5,1956,1956,3,1,0,0,0,127000
NAmes,1005,5,1956,1956,2,1,0,0,0,133500
NAmes,1056,5,1955,1955,3,1,1,0,0,125000
NAmes,884,5,1951,1991,2,1,0,0,0,142000
NAmes,1384,5,1956,2001,2,1,0,1,0,159000
OldTown,2640,5,1925,1975,5,2,1,0,1,180000
NAmes,1312,6,1947,1950,3,1,1,0,0,127000
OldTown,1310,6,1924,1950,2,2,0,0,1,112000
OldTown,713,3,1930,2001,2,1,0,1,0,99800
OldTown,833,5,1954,2000,2,1,0,1,0,117000
NAmes,715,3,1929,1950,2,1,0,0,1,68000
OldTown,720,4,1900,1998,1,1,0,1,0,86900
OldTown,1130,5,1920,1950,2,1,0,0,0,120000
OldTown,1595,6,1915,1950,3,2,0,0,0,155500
OldTown,2414,5,1900,1970,3,2,0,0,0,160000
OldTown,1466,5,1936,1989,3,2,0,0,0,170000
NAmes,1086,5,1966,1966,3,1,0,0,0,159950
NAmes,1146,6,1963,1963,3,1,0,0,0,165000
NAmes,1734,6,1962,1981,3,1,1,0,0,159000
NAmes,1207,6,1962,1985,3,1,1,0,0,147000
NAmes,1194,6,1959,1959,3,1,0,0,0,159500
NAmes,816,5,1957,1957,2,1,0,0,0,129900
NAmes,1773,6,1961,1992,3,2,0,0,0,183000
NAmes,1472,7,1959,1959,2,2,0,0,0,157500
NAmes,2448,7,1962,1998,3,3,0,1,0,277500
NAmes,1600,5,1957,1997,2,1,0,1,0,207500
NAmes,1521,4,1950,1950,3,1,1,0,0,147500
NAmes,1040,5,1950,1950,2,1,0,0,0,109500
NAmes,1040,4,1950,1950,2,1,0,0,0,109900
NAmes,1040,5,1959,1959,3,1,0,0,0,133700
NAmes,1040,3,1950,1950,2,2,0,0,0,81400
NAmes,1040,3,1949,1950,2,2,0,0,0,87500
NAmes,1040,3,1950,1950,2,2,0,0,0,93500
NAmes,1556,5,1960,1960,4,2,0,0,0,119000
NAmes,1150,5,1959,1959,3,1,0,0,0,141000
NAmes,1150,5,1961,1961,3,1,0,0,0,146000
NAmes,1348,6,1966,1966,3,1,1,0,0,155000
NAmes,999,5,1962,1962,3,1,0,0,0,134500
NAmes,1045,7,1962,1962,3,1,0,0,1,120000
NAmes,864,5,1962,1962,3,1,0,0,1,105000
NAmes,1025,5,1962,1962,3,1,0,0,1,124000
OldTown,2014,5,1900,2005,5,2,0,1,0,169000
OldTown,1668,5,1948,1950,3,1,0,0,0,135000
OldTown,1657,4,1920,1980,4,1,0,0,0,111500
OldTown,1416,6,1900,2004,3,1,0,1,0,156500
OldTown,1641,7,1925,1990,3,1,1,0,0,178000
OldTown,1428,7,1900,1970,4,1,0,0,0,139900
OldTown,1004,7,1930,1950,2,1,0,0,0,105000
OldTown,813,6,1930,2005,2,1,0,1,0,110000
OldTown,1951,4,1900,1950,4,2,0,0,0,111500
OldTown,844,5,1925,1950,2,1,0,0,0,111500
OldTown,864,4,1950,1950,2,1,0,0,0,105000
OldTown,1118,6,1920,1950,2,1,0,0,0,116000
OldTown,1376,3,1905,1950,2,1,0,0,0,96900
OldTown,960,5,1955,1955,3,1,0,0,0,135500
OldTown,1566,5,1924,1950,5,1,1,0,0,139000
OldTown,492,3,1921,1950,1,1,0,0,0,61500
OldTown,1182,6,1945,1950,3,1,1,0,0,120000
OldTown,1163,3,1955,2005,3,1,0,1,0,126175
OldTown,840,3,1920,1950,2,1,0,0,0,64000
OldTown,1928,6,1910,1950,4,2,0,0,0,137000
OldTown,1774,4,1900,1950,4,2,0,0,0,87000
OldTown,1768,7,1914,1970,2,1,1,0,0,163000
OldTown,2104,7,1910,2005,5,2,0,1,0,155000
OldTown,1440,5,1900,1950,3,1,0,0,0,79000
OldTown,1690,7,1916,1950,3,1,0,0,0,144000
OldTown,1368,6,1910,1993,3,1,0,0,0,114504
OldTown,1762,7,1920,1950,4,1,1,0,0,157000
OldTown,3608,10,1892,1993,4,2,1,0,1,475000
OldTown,1248,5,1920,1950,2,2,0,0,0,93500
OldTown,960,5,1958,1958,3,1,0,0,0,125000
IDOTRR,1020,3,1918,1950,2,1,0,0,0,64500
BrkSide,1577,6,1939,1950,3,1,0,0,1,140200
BrkSide,1827,6,1924,1996,2,1,0,1,0,202500
BrkSide,1664,6,1947,1950,3,2,0,0,1,159000
OldTown,1118,5,1939,1950,3,1,0,0,1,119900
BrkSide,1176,6,1934,1950,3,1,0,0,0,114500
BrkSide,1344,5,1936,1950,3,1,0,0,0,115000
BrkSide,912,4,1947,1950,2,1,0,0,0,80500
BrkSide,1324,5,1930,1984,3,1,0,0,0,110000
OldTown,1103,6,1925,1980,2,1,0,0,1,110500
BrkSide,616,5,1921,1950,2,1,0,0,0,89000
BrkSide,1048,5,1922,1950,2,1,0,0,0,113000
BrkSide,816,5,1925,1950,2,1,0,0,0,109000
OldTown,2486,6,1962,1962,5,2,0,0,1,220000
BrkSide,960,4,1970,1970,3,1,0,0,1,129000
OldTown,1635,6,1910,2003,2,1,0,1,1,117000
OldTown,693,4,1941,1950,2,1,0,0,1,52500
IDOTRR,1330,5,1910,2004,3,1,0,1,0,116500
IDOTRR,1376,6,1937,1950,3,2,0,0,0,119500
IDOTRR,1360,5,1938,1995,2,1,1,1,0,125500
IDOTRR,1077,3,1922,1950,3,1,0,0,0,91000
IDOTRR,754,6,1935,1982,2,1,0,0,0,84500
Sawyer,1422,5,1951,1951,3,1,0,0,1,137500
Sawyer,1921,6,1964,1964,4,2,0,0,1,150000
Sawyer,1640,5,1950,1950,3,1,0,0,0,131000
Edwards,1032,5,1935,1950,2,1,0,0,0,125000
SWISU,879,5,1936,1950,2,1,0,0,0,80000
SWISU,1073,7,2004,2004,2,2,0,1,0,157000
Sawyer,1382,4,1963,1979,3,1,1,0,0,148000
Sawyer,1296,4,1967,1967,2,2,0,0,0,90000
Sawyer,1068,6,1963,2003,3,1,0,1,0,154500
Sawyer,1064,5,1967,1967,3,1,0,0,0,153600
Sawyer,934,6,1964,1964,2,1,0,0,0,132000
Sawyer,1159,5,1968,1968,3,1,1,0,0,158000
Sawyer,1400,6,1978,1978,3,1,1,0,0,149500
Sawyer,1458,5,1967,1967,3,1,1,0,0,165000
Sawyer,1721,5,1968,1993,3,2,1,0,0,180000
Sawyer,1040,6,1978,1978,3,1,0,0,0,160500
Sawyer,1967,5,1977,1977,6,2,0,0,0,156500
Sawyer,1949,5,1977,1977,6,2,0,0,0,157000
Sawyer,1920,5,1958,1958,4,2,0,0,0,172500
Sawyer,1803,5,1957,2000,3,2,0,1,0,155000
Sawyer,872,5,1924,1950,2,1,0,0,0,105000
Sawyer,960,4,1965,2001,0,0,0,1,0,145000
Sawyer,1437,5,1956,1987,3,1,1,0,0,168000
ClearCr,1830,7,1967,1967,2,1,0,0,0,278000
ClearCr,1000,5,1963,1963,1,1,0,0,0,164000
ClearCr,2287,7,1953,1953,3,2,0,0,0,225000
Sawyer,810,5,1971,1972,2,1,0,0,1,130000
Sawyer,894,5,1974,1974,3,1,0,0,0,142500
ClearCr,1700,7,1980,1981,2,2,1,0,0,148400
Edwards,1350,4,1954,1954,3,1,1,0,0,146000
Edwards,2008,5,1948,2002,3,3,0,1,0,225000
Edwards,2009,6,1928,1950,4,2,0,0,0,235000
Edwards,3672,6,1935,1990,5,3,1,0,0,415000
Edwards,1560,5,1962,1962,3,2,0,0,0,182000
Edwards,1488,5,1952,2002,3,1,0,1,0,135000
Edwards,1057,5,1955,1999,3,1,0,1,0,137000
Edwards,1855,6,1954,1972,4,2,0,0,0,136900
Edwards,1609,6,1953,1953,5,1,1,0,0,149900
Edwards,1148,5,1952,1952,2,1,0,0,0,123500
Edwards,1124,5,1954,1954,3,1,0,0,0,93000
Edwards,1456,5,1948,1950,4,1,0,0,1,91500
SawyerW,1298,6,1985,1985,3,2,0,0,0,180000
SawyerW,1911,8,1993,1994,3,2,1,0,0,215000
SawyerW,1440,6,1993,1993,2,2,0,0,0,224500
CollgCr,1734,7,2005,2005,3,2,0,1,0,260000
CollgCr,1614,7,2005,2005,3,2,0,1,0,225000
CollgCr,1596,7,2005,2005,3,2,1,1,0,181000
ClearCr,1582,5,1964,1964,4,2,0,0,0,190000
ClearCr,988,6,1969,1969,1,1,0,0,0,180000
ClearCr,1533,7,1975,1975,2,2,0,0,0,280000
CollgCr,914,5,1996,1996,2,1,0,1,0,148000
CollgCr,1100,5,1996,1996,3,1,1,1,0,145000
CollgCr,1499,6,1995,1995,3,2,1,1,0,187000
CollgCr,1425,7,1998,1998,3,2,0,1,0,193000
CollgCr,990,5,1995,1995,3,1,0,1,0,156000
CollgCr,1525,7,2000,2000,3,2,0,1,0,235000
CollgCr,1494,6,1997,1997,3,2,0,1,0,217000
CollgCr,1588,7,1999,1999,3,2,0,1,0,214000
CollgCr,1749,7,1999,1999,3,2,1,1,0,196000
CollgCr,1779,7,1999,2000,3,2,1,1,0,217000
CollgCr,1861,7,2002,2002,3,2,1,1,0,200000
CollgCr,1776,7,2002,2002,3,2,1,1,0,192500
CollgCr,1541,7,2001,2002,3,2,0,1,0,205000
CollgCr,954,5,1976,1976,3,1,0,0,0,132500
CollgCr,1388,6,1977,1977,3,1,1,0,0,157500
CollgCr,1282,6,1978,1978,3,2,0,0,0,174000
CollgCr,971,5,1969,1969,3,1,1,0,0,128500
CollgCr,864,5,1972,1972,3,1,0,0,0,128500
CollgCr,864,5,1972,1972,3,1,0,0,0,119900
Landmrk,1320,6,1993,1994,3,2,1,0,0,137000
CollgCr,1989,8,2002,2002,3,2,1,1,0,255000
CollgCr,1762,7,2002,2002,3,2,1,1,0,222000
CollgCr,1755,6,1999,1999,3,2,1,1,0,214000
CollgCr,1358,8,2002,2002,1,1,1,1,0,220000
CollgCr,1787,8,2001,2002,3,2,0,1,0,275000
CollgCr,1909,7,2002,2002,4,2,1,1,0,197000
CollgCr,1654,7,2002,2002,3,2,0,1,0,230000
CollgCr,2214,8,1999,1999,3,2,1,1,0,268500
CollgCr,2049,7,1996,1997,4,2,1,1,1,210900
CollgCr,1939,7,1998,1998,3,2,1,1,0,227000
CollgCr,1995,7,1995,1996,4,2,1,1,0,237000
CollgCr,2097,7,1998,1998,3,2,1,1,0,274300
CollgCr,1836,7,2004,2005,3,2,0,1,0,216837
CollgCr,848,6,2003,2003,1,1,0,1,0,133000
CollgCr,848,6,2004,2004,1,1,0,1,0,155900
CollgCr,1390,7,2003,2003,3,2,0,1,0,207000
CollgCr,1948,7,2004,2005,4,2,1,1,0,195000
CollgCr,1700,6,2003,2003,3,2,0,1,0,200000
CollgCr,1611,7,2005,2005,3,2,1,1,0,195800
CollgCr,1720,7,2004,2004,3,2,1,1,0,196500
Edwards,1436,4,1910,2000,3,2,0,1,1,98000
Edwards,1466,5,1959,1959,3,1,1,0,0,149900
Edwards,1220,4,1951,1951,2,1,0,0,0,102000
Edwards,1724,7,2003,2004,3,2,1,1,0,196500
Edwards,914,6,2002,2002,2,1,0,1,0,117250
Edwards,2314,7,2003,2005,3,2,1,1,0,229000
Edwards,1072,5,2005,2005,2,1,0,1,0,145000
Edwards,1709,7,2004,2004,3,2,0,1,0,134000
Edwards,1709,7,2004,2004,3,2,0,1,0,130000
Edwards,1709,6,2004,2006,3,2,0,1,0,130000
Edwards,1709,7,2004,2004,3,2,0,1,0,137500
Edwards,1708,7,2004,2004,3,2,0,1,0,130000
Edwards,936,4,1948,1950,3,1,0,0,0,97900
Edwards,1221,5,1924,1950,4,1,0,0,0,104900
Edwards,864,5,1955,1990,2,1,0,0,0,115000
Edwards,1250,5,1918,1950,3,1,1,0,0,116000
SWISU,2230,4,1912,1950,5,1,0,0,0,118500
Edwards,498,2,1922,1955,1,1,0,0,1,35000
Edwards,1273,4,1910,1993,3,1,0,0,0,121000
SWISU,1928,5,1916,1995,5,2,0,1,0,160000
SWISU,1595,6,1940,2000,2,1,0,1,0,140000
SWISU,1551,5,1938,1950,3,2,0,0,0,137000
SWISU,1479,7,1926,1997,3,1,0,1,1,160000
Crawfor,1784,5,1914,1950,4,1,1,0,0,138887
SWISU,1510,6,1920,1950,3,1,0,0,0,149000
SWISU,1522,5,1926,1950,4,2,0,0,0,102000
Crawfor,1802,7,1920,1950,4,1,1,0,0,200100
SWISU,1465,5,1939,1950,3,2,0,0,0,131000
SWISU,1288,5,1941,1950,4,1,0,0,0,112000
Crawfor,1550,6,1920,1950,3,1,1,0,0,195000
Crawfor,1517,8,1929,1950,3,1,0,0,0,230000
Crawfor,1717,5,1940,1950,2,1,1,0,0,194000
Crawfor,1180,4,1922,1950,2,1,0,0,0,137500
Crawfor,2057,7,1936,1987,3,1,1,0,0,250000
Crawfor,1671,7,1929,1950,4,2,0,0,0,218000
Crawfor,2345,6,1932,1950,4,2,1,0,0,239000
Crawfor,1609,7,1932,1990,3,1,1,0,0,199500
Crawfor,1801,6,1930,1959,3,1,1,0,0,210000
Crawfor,1647,5,1977,1977,3,2,0,0,0,217500
Crawfor,2315,5,1950,1963,4,2,0,0,0,257000
Crawfor,1336,5,1953,1953,2,1,0,0,0,157000
Crawfor,1844,6,1969,1969,3,2,0,0,0,223000
IDOTRR,1285,6,1926,1950,3,1,0,0,0,145400
IDOTRR,672,4,1925,1950,2,1,0,0,0,72000
IDOTRR,641,4,1925,1950,2,1,0,0,0,85000
IDOTRR,1638,6,1957,1957,4,2,0,0,0,139000
IDOTRR,1336,4,1920,1950,3,1,1,0,0,108000
IDOTRR,936,3,1916,1950,2,1,0,0,0,78000
Crawfor,1646,8,2004,2005,2,2,0,1,0,300000
Mitchel,1625,6,1979,1979,3,2,0,0,0,242500
Mitchel,1664,6,1978,1978,4,2,0,0,0,145000
Mitchel,1491,8,2001,2001,3,2,0,1,0,209000
Mitchel,1004,6,1977,1977,2,1,0,0,0,135000
Mitchel,1210,6,1975,1975,3,2,0,0,0,148000
Timber,2519,7,1989,1990,4,2,1,0,0,335000
GrnHill,1295,7,1986,1986,2,2,0,0,0,230000
Timber,1707,8,1981,1981,2,2,1,0,0,228000
Timber,1137,6,1987,1987,2,2,0,0,0,176000
Timber,1339,7,1990,1990,2,2,0,0,0,180000
Timber,2514,7,1990,1991,4,2,1,0,0,250000
Timber,1403,6,2000,2000,2,2,0,1,0,202000
Timber,1800,8,2002,2002,3,2,0,1,0,312500
Mitchel,1600,1,1951,1951,3,1,1,0,1,81500
Mitchel,1368,7,1997,1997,2,2,0,1,0,215000
Mitchel,1216,6,1998,1998,2,2,0,1,0,164000
Mitchel,1337,6,1998,1998,2,2,0,1,0,153500
MeadowV,1304,5,1977,1977,3,1,1,0,0,104500
MeadowV,1475,5,1977,1977,4,2,0,0,0,127000
MeadowV,2521,6,1973,1973,5,2,1,0,0,151400
Mitchel,874,5,1968,2003,3,1,0,1,0,126500
Mitchel,1652,5,1970,1970,4,2,0,0,0,146500
MeadowV,630,4,1970,1970,1,1,0,0,0,73000
MeadowV,1092,4,1972,1972,3,1,1,0,0,79400
Mitchel,1360,5,1969,1979,3,1,0,0,0,140000
MeadowV,1092,4,1970,1970,3,1,1,0,0,79500
MeadowV,1092,4,1970,1970,3,1,1,0,0,90500
Mitchel,1728,6,1976,1976,4,2,0,0,0,150900
Mitchel,1126,5,1977,1977,3,2,0,0,0,160000
Mitchel,1003,6,1984,1984,3,1,0,0,0,142500
Mitchel,902,5,1983,1983,2,1,0,0,0,131000
Mitchel,970,5,1992,1992,3,1,0,0,0,132000
Mitchel,1389,5,1974,1975,2,1,0,0,0,170000
Mitchel,2000,7,1993,1994,3,2,1,0,0,188000
